Year,LandAverageTemperature,LandMaxTemperature,LandMinTemperature,LandAndOceanAverageTemperature
1850,37.5278,49.946,27.876199999999997,56.4584
1850,40.9172,50.6246,28.570999999999998,57.2774
1850,44.9906,55.2812,33.8324,58.4006
1850,50.0072,60.179,38.8598,59.9126
1850,55.67,66.1028,44.790800000000004,61.4354
1850,58.0856,66.6194,46.4252,62.2094
1850,57.2702,65.2586,45.330799999999996,62.0924
1850,52.709,60.522800000000004,40.159400000000005,60.5948
1850,46.5638,55.7402,35.6234,58.6958
1850,40.519400000000005,52.498400000000004,31.784,57.0146
1850,37.0454,45.4874,26.9474,55.94
1851,36.3758,48.111799999999995,27.6026,55.840999999999994
1851,36.5144,49.654399999999995,29.2874,55.9958
1851,39.5456,52.712599999999995,30.74,57.0146
1851,45.1166,57.6248,36.1958,58.352000000000004
1851,52.0034,59.018,39.4448,60.3878
1851,56.1524,63.118399999999994,43.473200000000006,61.692800000000005
1851,58.1558,62.785399999999996,45.365,62.2958
1851,56.7518,63.24979999999999,43.870999999999995,61.9178
1851,53.0186,61.44800000000001,41.945,60.904399999999995
1851,48.4196,58.9298,37.9364,59.383399999999995
1851,40.9514,46.3118,29.579,57.4898
1851,37.652,43.5848,26.1644,56.5484
1852,36.2768,47.2532,27.041,55.815799999999996
1852,36.572,47.4242,27.7934,55.9598
1852,38.9912,48.587,27.516199999999998,56.7248
1852,45.4766,52.2482,33.1646,58.6148
1852,52.104200000000006,60.503,40.3232,60.6182
1852,55.6952,63.96799999999999,44.069,61.9142
1852,58.1216,64.031,45.626000000000005,62.571200000000005
1852,55.9472,63.620599999999996,45.3722,61.818799999999996
1852,52.660399999999996,61.997000000000014,42.3356,60.8684
1852,48.038,58.7282,37.0634,59.32040000000001
1852,40.2674,53.616200000000006,33.3248,57.1064
1852,38.813,51.4058,30.8498,56.8076
1853,35.2148,48.14960000000001,26.927599999999998,55.6574
1853,36.010400000000004,46.922,26.2166,56.0516
1853,39.3404,50.585,28.461199999999998,57.2594
1853,45.5738,56.696,34.979,58.854200000000006
1853,51.754999999999995,61.777400000000014,39.8552,60.4274
1853,56.138000000000005,65.4998,44.4992,61.619
1853,58.361000000000004,66.06139999999999,44.4794,62.598200000000006
1853,57.1154,66.7544,45.0914,62.220200000000006
1853,53.078,63.843800000000016,42.4022,60.6956
1853,47.363,58.5626,35.33,58.7732
1853,40.6094,52.2842,31.8632,56.8922
1853,37.1444,46.814,24.773,55.983200000000004
1854,34.3058,47.8148,25.6064,55.3694
1854,35.4938,47.3144,24.6038,55.8464
1854,40.4564,50.8442,29.4566,57.360200000000006
1854,45.7196,56.123599999999996,33.0188,58.900999999999996
1854,51.971000000000004,62.1464,39.5312,60.4274
1854,55.092200000000005,64.7384,43.6874,61.3148
1854,58.4456,68.76679999999999,46.202,62.19500000000001
1854,57.0002,66.72380000000001,45.145399999999995,62.0726
1854,52.7252,63.24260000000001,41.9972,60.9764
1854,49.5734,59.6138,37.4594,59.680400000000006
1854,42.341,51.2726,29.4692,57.4214
1854,38.2226,47.3108,25.8854,56.2406
1855,36.5396,46.796,26.375,56.0912
1855,37.3676,45.687200000000004,23.095399999999998,56.5628
1855,40.3106,50.288,28.643,57.509600000000006
1855,47.444,56.6762,34.0538,59.336600000000004
1855,52.1348,62.186,39.714800000000004,60.4796
1855,55.3712,63.7556,43.656800000000004,61.601
1855,57.0668,65.2406,45.8438,62.015
1855,56.384600000000006,66.2216,44.4758,62.033
1855,52.053799999999995,62.74040000000001,41.8982,60.4922
1855,47.1992,57.668,36.1706,59.135
1855,41.3348,52.010600000000004,31.069399999999998,57.412400000000005
1855,35.9852,46.1822,25.784599999999998,55.787
1856,36.968,45.136399999999995,25.2914,56.0624
1856,36.0068,46.9292,25.3778,55.9598
1856,39.8696,50.5886,27.9662,57.122600000000006
1856,45.9518,57.89660000000001,34.2356,58.900999999999996
1856,50.954,62.0672,39.101,60.4634
1856,56.2928,64.9868,44.3822,61.6856
1856,57.2342,65.0282,44.663,62.015
1856,55.4378,65.09479999999999,44.1806,61.502
1856,51.7064,62.978,40.7552,60.1538
1856,46.5566,57.430400000000006,35.5622,58.6094
1856,41.648,50.6282,29.4206,56.940799999999996
1856,38.0858,46.193,26.006,55.9778
1857,35.2778,43.955600000000004,22.267400000000002,55.349599999999995
1857,36.4658,49.2836,28.544,56.093
1857,39.7616,50.36,30.0722,57.0488
1857,44.2886,55.592600000000004,33.584,58.065799999999996
1857,49.793,60.08,38.5502,59.5022
1857,54.6998,63.2696,42.5282,61.115
1857,57.1154,65.69059999999999,45.3884,61.660399999999996
1857,55.7654,64.7492,44.596399999999996,61.6262
1857,51.900800000000004,63.00140000000001,41.2628,60.512
1857,46.7564,58.2044,37.1858,58.8524
1857,41.424800000000005,50.9486,30.911,56.8922
1857,38.327,49.116200000000006,29.2172,56.0606
1858,36.9302,48.2792,27.1544,55.797799999999995
1858,36.1112,46.0922,24.533599999999996,55.922
1858,40.7012,50.792,29.354,57.2792
1858,46.85,57.0416,33.8738,58.9406
1858,51.531800000000004,61.26440000000001,38.955200000000005,59.9738
1858,55.3208,66.14240000000001,44.6684,61.1096
1858,56.6186,65.4098,46.1984,61.718
1858,55.79600000000001,64.8698,45.075199999999995,61.6802
1858,52.0664,63.6062,41.909,60.4994
1858,47.858,59.1278,38.638400000000004,59.205200000000005
1858,42.782,49.6454,30.7688,57.4412
1858,36.3992,47.282,28.463,55.873400000000004
1859,35.627,46.5332,27.14,55.504400000000004
1859,36.6998,48.1424,28.6556,55.994
1859,41.041399999999996,52.088,31.1756,57.3872
1859,47.3756,57.605000000000004,34.5812,59.3546
1859,52.6208,62.6378,41.498599999999996,60.5624
1859,55.6556,64.91300000000001,44.702600000000004,61.52
1859,56.8886,66.9992,46.129999999999995,61.6892
1859,55.7906,66.5618,46.336999999999996,61.61
1859,51.944,61.6694,41.761399999999995,60.0602
1859,47.9012,57.623000000000005,37.3424,59.111599999999996
1859,42.641600000000004,51.751400000000004,31.9748,57.3692
1859,38.057,46.858999999999995,25.8404,56.3234
1860,35.7386,49.5896,28.2938,55.706
1860,36.7376,47.7446,26.1824,56.1632
1860,38.2892,53.2778,30.7148,56.6852
1860,45.968,56.3198,35.249,58.7498
1860,51.9116,62.279600000000016,40.625600000000006,60.3644
1860,55.8896,66.49340000000001,44.9834,61.4084
1860,57.5654,65.4188,45.41,62.1266
1860,56.777,66.1712,44.724199999999996,61.9412
1860,53.4056,62.40560000000001,41.9648,61.0394
1860,47.6816,56.6186,37.2308,59.1368
1860,41.0486,51.821600000000004,31.8002,57.0596
1860,34.9412,47.400800000000004,27.455,55.0904
1861,32.7272,45.9374,26.139200000000002,54.455
1861,35.8466,47.4818,26.500999999999998,55.250600000000006
1861,40.0802,49.6148,28.3874,56.8832
1861,45.4766,54.989599999999996,34.4696,59.0324
1861,50.928799999999995,59.7218,38.9444,59.8802
1861,55.4306,66.7382,45.3038,61.4444
1861,57.140600000000006,66.866,46.0454,61.7846
1861,56.580799999999996,66.0326,45.6134,62.08879999999999
1861,52.5362,63.984200000000016,42.778400000000005,60.6686
1861,47.254999999999995,60.1592,37.8986,58.829
1861,42.272600000000004,53.6792,32.738,57.371
1861,37.2092,48.101,28.0562,56.0066
1862,33.233,45.2498,24.602,54.7844
1862,35.1842,45.3326,24.1772,55.745599999999996
1862,40.073,52.001599999999996,29.6348,57.2792
1862,45.1814,57.119,35.4776,58.685
1862,51.330200000000005,64.1372,42.215,60.2744
1862,55.147999999999996,65.37020000000001,44.231,61.428200000000004
1862,57.07040000000001,69.1934,48.578,61.8674
1862,55.7384,67.289,46.5548,61.35079999999999
1862,51.8504,64.47560000000001,43.0214,60.418400000000005
1862,46.9094,59.248400000000004,37.841,58.8236
1862,40.6256,53.4002,32.4392,56.8112
1862,34.9214,48.9236,28.8554,54.9176
1863,37.4612,47.2316,28.8212,55.9328
1863,37.8554,48.036199999999994,28.201999999999998,56.5412
1863,40.4276,50.6336,30.4646,57.2108
1863,46.2758,57.6626,34.9556,59.018
1863,51.9458,62.598200000000006,42.650600000000004,60.4814
1863,55.0292,64.7636,46.265,61.2032
1863,56.777,64.571,46.952600000000004,61.835
1863,55.9292,65.1344,46.099399999999996,61.586600000000004
1863,52.214,60.638000000000005,41.7902,60.6164
1863,46.823,57.0992,37.9076,58.9604
1863,41.705600000000004,52.4318,32.315,57.1856
1863,36.7718,47.39,27.3452,56.040800000000004
1864,34.7918,44.7278,25.0736,55.182199999999995
1864,36.5108,47.3756,26.8592,55.894999999999996
1864,40.3718,53.1446,30.695,57.182
1864,45.527,56.111000000000004,34.997,58.694
1864,51.7208,62.434400000000004,40.7282,60.531800000000004
1864,56.057,65.2226,46.236200000000004,61.682
1864,57.491600000000005,65.89580000000001,45.3434,62.087
1864,56.181200000000004,66.03620000000001,45.5828,61.6892
1864,52.465999999999994,62.71340000000001,42.2978,60.53
1864,47.831,59.0846,37.842800000000004,58.949600000000004
1864,41.4176,54.503600000000006,33.197,57.4538
1864,36.0788,47.399,27.206599999999998,55.8878
1865,37.355000000000004,47.9138,26.2184,56.305400000000006
1865,35.8736,48.0398,26.389400000000002,56.3108
1865,39.2702,52.8476,30.9344,57.0452
1865,45.1652,57.696799999999996,35.2274,58.7498
1865,51.6506,62.5424,40.7732,60.3608
1865,55.7852,66.2396,45.5162,61.54520000000001
1865,57.596000000000004,66.3944,46.6934,62.1482
1865,56.444,66.3998,45.671,61.982600000000005
1865,53.2346,64.1138,42.4202,60.9476
1865,48.4448,59.5058,38.021,59.2826
1865,43.059200000000004,54.3524,33.7856,57.3818
1865,36.7628,46.7924,27.4694,55.867999999999995
1866,37.2776,46.7384,26.738599999999998,56.2406
1866,36.0932,49.3448,28.3046,56.454800000000006
1866,39.9578,51.483200000000004,30.4142,57.11
1866,46.2452,58.800200000000004,35.7512,58.4834
1866,51.6164,62.2706,40.247600000000006,60.134
1866,55.135400000000004,65.75540000000001,44.738600000000005,61.8728
1866,58.2836,68.6642,46.7294,62.708
1866,56.357600000000005,66.1046,44.758399999999995,62.051
1866,52.748599999999996,63.51440000000001,42.452600000000004,60.6524
1866,47.3108,58.3232,37.3892,59.111599999999996
1866,42.611000000000004,51.367999999999995,32.3276,57.695
1866,39.4736,47.6168,26.6846,56.717600000000004
1867,36.467600000000004,46.6466,26.0456,56.067800000000005
1867,36.7952,48.529399999999995,28.0904,56.2244
1867,40.0172,51.0296,29.849,57.3314
1867,46.864399999999996,56.9336,36.1526,59.18
1867,50.891,61.178,40.397000000000006,60.008
1867,55.94540000000001,67.55539999999999,46.4576,61.4588
1867,57.6014,68.05760000000001,47.0966,62.009600000000006
1867,56.3108,67.3268,45.870799999999996,61.6172
1867,53.1734,63.61880000000001,42.6398,61.064600000000006
1867,48.5816,59.6732,38.669,59.5724
1867,44.4902,52.0574,30.5672,58.337599999999995
1867,39.0866,46.9634,25.3796,56.3954
1868,35.3012,45.6998,25.7396,55.4216
1868,35.6702,47.8706,25.781,55.931
1868,40.1684,52.5398,30.866,57.443
1868,46.7294,55.9688,34.0484,59.1476
1868,52.3544,62.7062,40.7498,60.7856
1868,55.6916,66.209,44.9654,61.7522
1868,58.1252,68.9072,47.6636,62.645
1868,56.739200000000004,67.67240000000001,46.617799999999995,62.2274
1868,53.0042,64.3784,42.3068,60.992599999999996
1868,49.0064,58.865,37.5548,59.6768
1868,41.345600000000005,50.3258,31.37,57.5132
1868,38.0192,47.372,27.5216,56.5574
1869,35.807,46.7708,26.2886,55.9202
1869,38.9552,49.3124,27.6692,57.1118
1869,39.873200000000004,51.821600000000004,29.6384,57.1046
1869,46.257799999999996,56.8166,34.3346,59.0288
1869,52.331,63.102199999999996,39.887600000000006,60.61280000000001
1869,56.366600000000005,65.9678,44.9528,61.5128
1869,57.8066,67.685,45.9176,62.000600000000006
1869,57.218,67.3934,46.3064,62.079800000000006
1869,54.0446,63.6098,41.6786,61.123999999999995
1869,48.210800000000006,57.3134,35.5424,59.3078
1869,42.3914,50.752399999999994,31.0838,57.659000000000006
1869,36.8708,47.3558,27.4658,55.952600000000004
1870,35.7476,47.348600000000005,26.0474,55.947199999999995
1870,35.8412,47.3792,25.6514,56.0462
1870,40.3808,49.4456,29.4458,57.450199999999995
1870,46.1822,57.7166,34.826,59.093599999999995
1870,52.4102,64.5224,41.594,60.4868
1870,56.5754,67.1558,46.0274,61.71980000000001
1870,58.2782,68.52199999999999,47.931799999999996,62.348
1870,56.27120000000001,66.7724,46.3532,61.9106
1870,53.5136,62.6306,41.8208,60.9314
1870,47.858,57.5384,37.126400000000004,59.1008
1870,42.08,54.6332,33.1322,57.342200000000005
1870,36.010400000000004,47.272999999999996,26.42,55.7168
1871,34.6046,46.3316,26.7134,55.5602
1871,35.1248,47.8076,26.490199999999998,55.938199999999995
1871,40.433,51.884600000000006,28.85,57.6014
1871,47.012,57.146,35.402,59.4194
1871,51.4184,61.9286,40.145,60.385999999999996
1871,55.544,66.42859999999999,45.446000000000005,61.62440000000001
1871,57.721999999999994,67.70660000000001,46.2686,62.3444
1871,57.077600000000004,67.66159999999999,46.2164,61.97540000000001
1871,53.079800000000006,63.309200000000004,41.0666,60.836
1871,48.3728,58.4546,37.2038,59.1098
1871,41.2034,51.1502,31.4294,57.1496
1871,37.6934,46.241600000000005,25.3814,56.183
1872,34.9736,46.8104,26.1896,55.4738
1872,36.230000000000004,48.1154,26.132,56.0768
1872,40.8596,52.086200000000005,28.1192,57.3926
1872,46.1228,57.2738,34.6352,58.944199999999995
1872,52.156400000000005,63.2642,41.0828,60.6686
1872,55.498999999999995,66.7382,45.6152,61.4498
1872,57.713,67.469,46.191199999999995,62.3174
1872,56.8778,66.947,45.4118,62.2796
1872,53.5244,63.8924,42.6884,61.1114
1872,48.632000000000005,60.287,37.445,59.3258
1872,41.6696,52.3274,31.8902,57.3818
1872,36.7286,47.3468,25.8476,55.9958
1873,35.6234,46.913,25.808,56.035399999999996
1873,37.751,47.463800000000006,25.3058,56.6726
1873,40.4672,51.989000000000004,28.8302,57.4718
1873,45.4316,57.1694,33.9242,58.7822
1873,51.8108,62.17700000000001,39.5636,60.4778
1873,56.129,66.2108,44.2094,61.57220000000001
1873,57.7166,67.95320000000001,46.4432,62.248999999999995
1873,56.759,66.63380000000001,45.4046,62.1068
1873,52.67659999999999,62.56220000000001,41.5364,60.737
1873,48.6212,57.9758,36.2948,59.234
1873,42.474199999999996,51.6452,30.5384,57.3692
1873,38.9228,47.926399999999994,27.2696,56.3558
1874,36.833,45.2894,25.224800000000002,56.105599999999995
1874,37.5242,46.3316,26.186,56.2244
1874,39.5978,48.1064,28.5044,56.8526
1874,46.815799999999996,55.8266,33.809,58.838
1874,52.3508,62.544200000000004,40.400600000000004,60.35
1874,55.9508,66.3116,44.342600000000004,61.1798
1874,57.4196,67.676,45.47839999999999,62.141000000000005
1874,56.867000000000004,67.3124,45.0122,61.961
1874,53.799800000000005,63.8672,42.1376,61.0196
1874,48.416,60.5138,37.445,59.009
1874,42.4562,51.013400000000004,31.0118,57.2234
1874,38.1326,49.090999999999994,28.979599999999998,56.166799999999995
1875,34.7594,44.0222,23.5094,55.4486
1875,36.0662,45.5396,24.143,56.03
1875,39.6608,51.2114,28.0274,57.1532
1875,45.7448,56.7662,34.1132,58.8614
1875,51.3428,63.5162,39.4934,60.4256
1875,55.6826,67.28540000000001,43.6946,61.4444
1875,57.459199999999996,68.96119999999999,46.1714,62.029399999999995
1875,56.1218,68.09540000000001,45.1886,61.94839999999999
1875,52.3742,63.8834,41.3114,60.9062
1875,47.453,58.557199999999995,35.969,59.225
1875,40.3052,51.008,29.5682,57.028999999999996
1875,36.797,47.7356,27.6764,55.812200000000004
1876,35.3408,45.1886,26.015,55.58
1876,36.7106,48.010999999999996,26.429,56.2928
1876,40.5464,50.4446,28.9202,57.2846
1876,46.7582,57.5384,35.2652,58.91
1876,51.242000000000004,62.2094,40.510400000000004,60.025999999999996
1876,55.635799999999996,65.9984,44.186,61.32200000000002
1876,57.7742,67.739,46.2038,62.3264
1876,56.2658,67.39699999999999,45.589999999999996,61.842200000000005
1876,53.0366,63.8006,42.2366,60.602000000000004
1876,48.1028,57.92,36.9788,59.0846
1876,41.1674,50.8964,30.8246,57.025400000000005
1876,35.9492,47.849000000000004,26.949199999999998,55.7474
1877,36.1148,46.542199999999994,26.3084,55.9508
1877,37.2704,49.559,27.7574,56.717600000000004
1877,41.5346,51.4076,29.3396,58.0262
1877,46.4702,56.8886,35.6576,59.2268
1877,51.900800000000004,62.2436,41.0396,60.5372
1877,56.0912,66.6626,44.375,61.869200000000006
1877,58.355599999999995,69.3194,46.724000000000004,62.607200000000006
1877,57.4718,69.1574,46.0148,62.7368
1877,53.735,64.2758,42.7406,61.586600000000004
1877,48.6914,57.78320000000001,36.8672,59.9648
1877,43.4264,52.772,33.4202,58.215199999999996
1877,37.3928,49.0838,30.965,56.6672
1878,35.6306,46.9004,26.4506,56.368399999999994
1878,38.7104,49.0694,28.9148,57.5186
1878,43.894400000000005,54.2174,32.6498,58.7876
1878,48.0182,59.073800000000006,37.3334,60.031400000000005
1878,51.830600000000004,62.50279999999999,41.162000000000006,60.8288
1878,56.8328,66.8408,45.4298,62.079800000000006
1878,58.5356,68.5382,47.4476,62.598200000000006
1878,57.3692,68.5544,46.5332,62.429
1878,53.7674,64.08860000000001,42.980000000000004,61.2806
1878,48.5114,59.459,38.3108,59.5526
1878,43.6028,54.503600000000006,33.2348,57.898399999999995
1878,38.0192,48.6824,27.9572,56.3468
1879,36.1454,47.4044,26.0402,56.0282
1879,36.9266,47.641999999999996,26.4542,56.534000000000006
1879,40.8632,51.2348,29.4998,57.812
1879,45.9824,57.561800000000005,35.5748,58.976600000000005
1879,51.44540000000001,62.153600000000004,40.1648,60.452600000000004
1879,55.814,66.2396,44.632400000000004,61.70179999999999
1879,57.6284,67.3466,45.751999999999995,62.14280000000001
1879,55.840999999999994,66.42500000000001,45.122,61.943000000000005
1879,52.608200000000004,63.7736,41.9756,60.8126
1879,48.6122,58.53920000000001,36.9446,59.45
1879,41.946799999999996,52.7882,31.1,57.5654
1879,36.5684,46.7114,25.644199999999998,55.9724
1880,35.159,46.1894,25.933999999999997,55.6322
1880,35.6936,46.3226,25.2194,56.1326
1880,40.334,51.179,28.7348,57.6914
1880,45.6062,57.3476,34.3364,59.014399999999995
1880,51.97279999999999,62.45060000000001,40.778600000000004,60.53
1880,55.988600000000005,66.72200000000001,43.8746,61.52
1880,57.4538,68.0666,46.1336,62.03660000000001
1880,56.8526,67.1036,45.599000000000004,62.051
1880,52.4948,63.604400000000005,42.512,60.6524
1880,47.6114,58.220600000000005,37.2128,59.0432
1880,42.6074,51.4868,30.8228,57.6194
1880,37.5908,45.8366,27.217399999999998,56.264
1881,36.4298,45.2192,25.3634,56.11280000000001
1881,36.7268,47.4692,26.9366,56.525000000000006
1881,41.018,51.666799999999995,29.964199999999998,57.839
1881,46.981399999999994,57.7346,36.1238,59.480599999999995
1881,52.096999999999994,63.10940000000001,41.4734,60.7982
1881,54.941,66.1028,44.2418,61.3922
1881,57.5654,68.531,47.0012,62.2094
1881,56.678,67.7822,46.4846,61.997
1881,53.0402,63.37400000000001,42.5768,60.7676
1881,47.931799999999996,57.617599999999996,37.284800000000004,59.207
1881,41.4896,51.4058,31.6346,57.2342
1881,37.7528,47.4764,27.3254,56.3198
1882,37.382,47.1056,26.5604,56.5376
1882,37.8158,47.7572,26.4794,56.9174
1882,41.072,51.4292,29.4602,57.8102
1882,45.8438,56.6834,35.1536,59.055800000000005
1882,51.5984,62.294000000000004,40.7966,60.4688
1882,55.049,66.0938,44.6576,61.440799999999996
1882,56.744600000000005,67.5914,46.337,61.9412
1882,56.6654,67.6976,46.1048,62.0204
1882,53.1248,63.984200000000016,42.6038,60.9944
1882,47.201,58.2728,37.0112,59.0396
1882,41.1188,52.52720000000001,30.9542,57.2594
1882,35.969,47.431400000000004,26.969,55.736599999999996
1883,34.628,44.715199999999996,23.8658,55.5908
1883,35.3408,45.572,24.254599999999996,56.0444
1883,40.8722,50.2214,28.2308,57.6248
1883,45.8438,57.140600000000006,34.6424,58.8488
1883,51.497600000000006,62.416399999999996,40.6274,60.485
1883,55.9436,68.0882,45.1454,61.7216
1883,57.2198,68.8226,45.8942,61.995200000000004
1883,55.803200000000004,67.2638,45.435199999999995,61.7684
1883,52.4174,63.793400000000005,41.5382,60.7208
1883,48.036199999999994,58.317800000000005,36.8078,59.0972
1883,40.829,51.7766,31.2152,57.0974
1883,37.8698,47.4566,26.9546,56.2118
1884,35.816,45.620599999999996,24.5876,55.90220000000001
1884,36.4532,46.9256,25.086199999999998,56.480000000000004
1884,39.0056,50.9936,27.6008,57.0452
1884,44.934799999999996,56.444,33.2582,58.53920000000001
1884,50.3564,61.638799999999996,39.1802,60.004400000000004
1884,54.5486,65.8166,43.4516,61.13300000000001
1884,56.5196,67.2242,45.4424,61.5812
1884,55.8626,66.7724,45.0518,61.534400000000005
1884,52.223,63.257000000000005,41.657,60.4868
1884,47.4458,57.7472,36.6566,58.9172
1884,41.2952,50.8352,30.2162,56.8886
1884,37.4504,46.4738,27.4028,55.885999999999996
1885,33.8054,43.5578,23.682199999999998,55.200199999999995
1885,36.0374,46.8446,25.8116,55.988600000000005
1885,40.3196,51.008,28.3586,57.23780000000001
1885,45.2048,56.269400000000005,34.4336,58.5446
1885,51.0206,62.0672,39.5636,60.016999999999996
1885,54.8888,65.7716,43.6856,60.989000000000004
1885,57.1496,68.369,45.7304,61.8818
1885,56.031800000000004,67.80019999999999,44.7566,61.5884
1885,52.583,63.1706,41.504000000000005,60.6326
1885,47.699600000000004,58.4726,36.5846,59.0972
1885,41.765,52.678399999999996,31.1432,57.3026
1885,38.559200000000004,48.4808,29.2298,56.3756
1886,34.5848,44.6414,25.241,55.401799999999994
1886,35.2274,46.427,25.0088,55.7168
1886,39.6716,51.022400000000005,28.0616,56.998400000000004
1886,46.2362,57.353,34.4606,58.7138
1886,51.4112,62.952799999999996,39.9596,60.5066
1886,55.0202,66.461,43.808,61.154600000000016
1886,57.60680000000001,68.00720000000001,46.499,61.9196
1886,55.9814,66.8192,45.4082,61.62440000000001
1886,52.879999999999995,63.354200000000006,42.116,60.4958
1886,47.4872,58.522999999999996,36.644,58.962199999999996
1886,41.406800000000004,52.174400000000006,30.722,56.9786
1886,38.3036,47.5088,28.6484,55.9688
1887,33.4832,44.355199999999996,23.5796,54.715999999999994
1887,35.6972,46.657399999999996,24.715399999999995,55.5728
1887,40.1936,51.4904,28.5782,57.1028
1887,46.0202,57.0848,34.7432,58.8938
1887,51.512,63.2066,40.2242,60.171800000000005
1887,55.202,65.17580000000001,43.7252,61.18520000000001
1887,57.23780000000001,67.8182,46.7582,61.934
1887,55.574600000000004,66.51859999999999,45.303799999999995,61.4696
1887,53.0726,63.305600000000005,42.2618,60.6488
1887,47.7284,58.4888,36.5558,58.9694
1887,42.0656,52.988,31.5248,57.2666
1887,37.175,46.9364,27.2192,56.0948
1888,35.0744,44.0348,24.2618,55.6376
1888,35.6702,46.2164,25.601,55.976
1888,39.74,50.8838,28.3298,57.1496
1888,46.121,56.991200000000006,34.988,58.888400000000004
1888,51.116,61.3922,39.5366,60.314
1888,55.2578,66.0146,43.656800000000004,61.44800000000001
1888,57.635600000000004,68.1134,45.986,62.034800000000004
1888,56.3198,66.848,45.118399999999994,61.8998
1888,53.033,64.05440000000002,41.8442,60.791
1888,48.561800000000005,58.6094,37.3118,59.5724
1888,42.4256,52.491200000000006,32.0936,57.6662
1888,37.7996,48.7886,27.4802,56.4944
1889,35.1716,45.2786,24.7046,56.1506
1889,38.1362,47.8652,26.7818,57.1172
1889,41.5382,52.930400000000006,30.5456,58.0028
1889,47.4602,57.9056,36.5036,59.549
1889,52.235600000000005,62.94200000000001,41.0576,60.647
1889,55.918400000000005,66.7652,44.9528,61.696400000000004
1889,57.605000000000004,68.56700000000001,46.9598,62.2328
1889,56.307199999999995,67.5176,45.706999999999994,61.8872
1889,52.7846,63.419000000000004,42.143,60.6434
1889,47.957,58.8236,36.6944,59.2088
1889,40.9982,52.0628,30.9794,57.192800000000005
1889,37.5782,48.675200000000004,27.689,56.1218
1890,35.3048,45.7646,24.368,55.522400000000005
1890,36.528800000000004,47.6024,25.224800000000002,56.1092
1890,39.578,50.8532,28.0922,57.0038
1890,45.9302,56.6096,34.9538,58.775000000000006
1890,50.8352,62.357,39.0974,60.1232
1890,55.1696,65.6654,44.0726,61.25
1890,57.2612,67.4924,46.1426,61.7504
1890,55.8788,66.785,44.864599999999996,61.5686
1890,52.782799999999995,63.0788,41.8892,60.515600000000006
1890,48.5204,58.5446,38.0606,59.036
1890,41.054,52.6118,30.1226,56.8454
1890,37.3442,47.4998,27.0878,56.0606
1891,35.0204,45.660199999999996,24.7802,55.4666
1891,35.384,46.6196,23.963,55.9364
1891,40.559,51.1322,29.3918,57.543800000000005
1891,45.712399999999995,57.1622,34.1276,58.8524
1891,51.413,61.961,39.7706,60.5192
1891,55.1984,65.45840000000001,43.943000000000005,61.3346
1891,57.074,67.7282,46.0724,61.916000000000004
1891,56.2928,67.0496,45.122,61.7882
1891,53.1734,63.76820000000001,42.2672,60.926
1891,47.699600000000004,59.0756,36.9752,59.041399999999996
1891,41.207,51.8594,30.5942,57.056
1891,38.4836,49.6454,28.151600000000002,56.4062
1892,35.6324,45.8294,24.926,55.8752
1892,37.049,48.3404,26.1446,56.6006
1892,39.8516,51.3536,28.5242,57.1622
1892,45.611599999999996,56.843599999999995,34.169,58.6472
1892,51.119600000000005,61.84040000000002,39.9668,60.179
1892,55.873400000000004,66.2054,44.348,61.3454
1892,57.002,67.676,46.250600000000006,61.656800000000004
1892,56.156,66.67519999999999,45.4064,61.502
1892,53.175200000000004,64.1444,41.9936,60.7964
1892,48.721999999999994,59.144000000000005,38.0246,59.2268
1892,40.7462,50.7776,30.1748,56.717600000000004
1892,37.283,46.9346,26.8754,55.7528
1893,32.9,42.620000000000005,22.378999999999998,54.863600000000005
1893,34.977199999999996,45.7088,23.7956,55.814
1893,40.9622,51.918800000000005,29.7464,57.3998
1893,46.3892,56.6546,34.8476,58.7678
1893,51.3446,62.2616,40.080200000000005,60.1916
1893,55.4918,66.1658,44.2058,61.4876
1893,57.772400000000005,68.009,46.583600000000004,62.2184
1893,56.217200000000005,67.0064,45.1796,61.970000000000006
1893,53.1806,64.0382,42.0782,60.6776
1893,48.488,59.333,37.5782,59.2736
1893,42.623599999999996,53.061800000000005,31.7426,57.342200000000005
1893,37.679,48.254,26.978,56.0984
1894,35.0438,45.337999999999994,24.729799999999997,55.4702
1894,37.2614,48.016400000000004,26.549599999999998,56.219
1894,41.2124,51.954800000000006,30.0326,57.344
1894,45.7934,56.8274,34.6496,58.6292
1894,51.699200000000005,62.4722,40.299800000000005,60.180800000000005
1894,55.144400000000005,65.80760000000001,43.885400000000004,61.206800000000015
1894,57.2072,67.73179999999999,46.0184,62.03660000000001
1894,56.278400000000005,66.7868,45.2552,61.81700000000001
1894,52.843999999999994,63.365,41.9054,60.6686
1894,48.425,59.0756,37.3946,59.297
1894,41.729,52.1366,31.1162,57.2648
1894,37.6394,47.7626,28.0364,56.0246
1895,34.331,44.5298,24.2258,55.5512
1895,35.6,46.724000000000004,24.7532,55.94540000000001
1895,40.440200000000004,51.508399999999995,29.1308,57.1802
1895,46.8446,58.116200000000006,35.447,59.009
1895,51.5606,62.40560000000001,40.3502,60.2654
1895,55.504400000000004,66.3062,44.429,61.4336
1895,57.2954,67.3052,46.175,62.08879999999999
1895,56.2802,67.0478,44.9006,61.9016
1895,53.1374,63.6746,42.2366,60.7658
1895,48.4106,59.2862,37.1804,59.2718
1895,42.3392,52.556,31.9802,57.5942
1895,38.2316,48.617599999999996,28.0292,56.3234
1896,36.1238,46.2632,25.8656,56.058800000000005
1896,36.8726,47.2046,25.9394,56.436800000000005
1896,39.7022,50.8442,28.6376,57.2846
1896,45.194,56.454800000000006,34.205,58.811
1896,51.6074,62.618,40.3268,60.470600000000005
1896,55.947199999999995,66.812,44.3534,61.727000000000004
1896,57.6194,67.79480000000001,46.5566,62.3588
1896,56.5232,67.2296,45.095,62.1716
1896,53.28320000000001,63.9086,42.0098,61.0574
1896,48.948800000000006,59.629999999999995,37.7816,59.486000000000004
1896,41.6588,52.1114,31.1558,57.5366
1896,37.9616,47.8598,27.752,56.5574
1897,35.4074,45.3416,25.5686,55.961600000000004
1897,36.3722,46.666399999999996,25.6658,56.399
1897,39.821,50.7956,28.1786,57.4736
1897,46.9004,57.7274,35.132,59.390600000000006
1897,52.4786,63.0518,41.1224,60.836
1897,55.9742,67.001,45.0068,61.70900000000001
1897,57.758,68.53460000000001,46.961600000000004,62.2094
1897,56.6024,67.55539999999999,45.6656,62.0168
1897,53.465,64.25240000000002,42.6218,60.922399999999996
1897,48.5546,59.2988,37.9022,59.3024
1897,42.0944,52.9088,31.6454,57.2846
1897,37.7078,47.3,28.0814,56.1218
1898,36.9266,47.03,26.807000000000002,56.11280000000001
1898,36.2372,46.8302,25.4282,56.0552
1898,38.7518,50.313199999999995,27.217399999999998,56.7482
1898,46.2326,58.0262,34.682,58.7624
1898,51.503,62.7008,40.0964,60.1178
1898,56.111000000000004,67.0136,44.720600000000005,61.507400000000004
1898,57.4484,68.261,46.4702,61.9286
1898,56.4422,67.3304,45.7826,61.7216
1898,53.1554,63.863600000000005,42.623599999999996,60.6452
1898,47.8904,58.442,37.0958,58.846999999999994
1898,41.8136,52.5992,31.3538,57.0794
1898,38.1326,48.9974,28.2272,56.031800000000004
1899,36.527,47.1974,26.1284,55.9508
1899,36.284,46.706,25.8044,56.1182
1899,40.3124,51.143,29.1794,57.2054
1899,46.9058,57.9884,35.7332,59.046800000000005
1899,51.8414,62.8376,40.9406,60.5048
1899,55.1408,65.8382,44.369600000000005,61.23740000000001
1899,57.4862,68.3024,46.3154,62.0402
1899,56.7986,67.2764,45.7628,62.14280000000001
1899,53.8304,64.80140000000002,42.7532,61.120400000000004
1899,48.9362,59.5706,38.3918,59.5166
1899,43.889,54.3506,33.9134,58.019000000000005
1899,37.409,47.5502,27.1976,56.1416
1900,34.6298,44.9474,24.6164,55.6556
1900,37.5764,48.525800000000004,26.9348,56.7986
1900,41.885600000000004,52.4786,30.776,57.92
1900,46.8014,57.1496,35.8358,59.306
1900,52.492999999999995,63.34700000000001,41.322199999999995,60.719
1900,55.9274,66.9812,44.8016,61.727000000000004
1900,57.5078,67.8146,46.571,62.213
1900,56.8688,67.73,46.2056,62.0582
1900,53.519000000000005,64.07239999999999,42.7406,61.0232
1900,49.3988,59.979200000000006,38.8994,59.6714
1900,42.447199999999995,52.748599999999996,32.2178,57.5402
1900,38.579,49.038799999999995,28.7132,56.4764
1901,35.9438,46.392799999999994,25.7162,55.922
1901,37.5656,48.2684,27.1796,56.588
1901,42.2078,52.656800000000004,30.8408,57.889399999999995
1901,47.339600000000004,58.519400000000005,36.0752,59.396
1901,52.120400000000004,63.167,40.739000000000004,60.684799999999996
1901,56.1614,66.767,44.87180000000001,61.593800000000016
1901,57.8102,68.612,46.6898,62.0924
1901,56.8202,67.8164,45.788,61.9934
1901,53.571200000000005,64.27220000000001,42.474199999999996,60.8018
1901,48.2054,59.003600000000006,37.3964,59.1566
1901,42.7568,53.6774,32.1278,57.3818
1901,38.003,48.309799999999996,27.896,56.084
1902,36.8312,47.834599999999995,26.5442,55.9436
1902,38.4908,49.6652,27.4928,56.6438
1902,40.7894,52.0988,29.5898,57.379999999999995
1902,46.3208,56.991200000000006,34.8116,58.924400000000006
1902,51.6074,62.5748,40.256600000000006,60.294200000000004
1902,55.7852,66.8084,44.4092,61.31120000000001
1902,57.6158,68.36,46.337,62.042
1902,56.4782,67.7912,45.4082,61.8638
1902,53.2382,64.21460000000002,41.999,60.857600000000005
1902,47.8418,58.659800000000004,36.9662,58.9838
1902,41.4932,52.086200000000005,31.172,57.0236
1902,36.8834,47.183,26.6144,55.832
1903,36.5252,47.147,26.263399999999997,55.894999999999996
1903,38.399,48.7346,27.518,56.6024
1903,40.874,51.7334,29.9156,57.290000000000006
1903,46.0976,57.1244,35.056400000000004,58.641799999999996
1903,51.4292,62.009600000000006,40.256600000000006,60.161
1903,55.1948,66.0146,44.1014,61.0898
1903,57.1856,67.6166,46.166,61.692800000000005
1903,56.1416,66.7364,45.6044,61.3472
1903,52.7018,63.24079999999999,42.1556,60.3878
1903,47.8616,58.3412,37.211,58.703
1903,41.9288,52.194199999999995,31.9082,56.8904
1903,37.2164,47.3594,27.1634,55.769000000000005
1904,34.9466,44.7476,25.052,55.3226
1904,36.1346,47.3126,25.5506,55.6772
1904,40.1108,51.0062,29.165,56.946200000000005
1904,45.831199999999995,56.8814,34.5704,58.559
1904,51.512,62.4596,40.3538,60.031400000000005
1904,55.425200000000004,66.3656,44.2004,61.1726
1904,56.9048,67.4204,45.998599999999996,61.745000000000005
1904,56.2262,67.145,45.4316,61.525400000000005
1904,52.4858,63.43700000000001,41.6498,60.382400000000004
1904,47.8994,58.8236,37.6394,58.9046
1904,43.214,53.5946,33.0044,57.459199999999996
1904,38.0732,48.5816,28.2794,56.1794
1905,36.0572,46.4306,26.0168,55.769000000000005
1905,35.4686,45.923,24.888199999999998,55.7708
1905,40.343,50.8388,29.6456,57.263000000000005
1905,45.958999999999996,56.5196,34.6874,58.742599999999996
1905,51.7676,62.50279999999999,40.6742,60.418400000000005
1905,55.601600000000005,66.398,44.4992,61.482200000000006
1905,57.3386,67.7786,46.4684,61.9718
1905,56.4404,67.3142,45.896,61.8044
1905,53.2472,63.8312,42.6704,60.8072
1905,48.2738,58.7588,37.6106,59.163799999999995
1905,43.129400000000004,53.571200000000005,33.0332,57.617599999999996
1905,38.0372,48.308,28.5242,56.21
1906,35.7224,46.5548,25.4534,55.85
1906,36.1418,46.625,25.982599999999998,56.3036
1906,40.7588,51.8144,29.7878,57.641
1906,47.5268,58.6148,36.3596,59.414
1906,52.232,62.86280000000001,40.8596,60.3842
1906,56.0012,66.7166,45.095,61.5848
1906,57.4196,68.1044,46.7348,61.9916
1906,56.6438,67.1702,46.117399999999996,61.8674
1906,53.1896,63.53960000000001,42.5912,60.71
1906,48.6806,58.897400000000005,38.2622,59.2736
1906,41.9018,52.106,31.4582,57.297200000000004
1906,38.769800000000004,48.6644,29.0048,56.372
1907,35.2364,46.2254,25.0394,55.5944
1907,35.8106,46.3874,25.5146,55.8626
1907,40.235,51.098,29.12,57.47
1907,45.6422,56.1218,34.7378,58.8524
1907,50.675,61.403000000000006,39.3512,60.083600000000004
1907,54.9122,65.4368,43.7162,61.2554
1907,56.7842,67.3268,45.9698,61.8728
1907,56.0516,66.53659999999999,45.437,61.6208
1907,52.997,63.3974,42.062,60.623599999999996
1907,48.6212,59.1422,37.976,59.2862
1907,41.372600000000006,51.278000000000006,30.9974,56.9696
1907,37.3208,47.8958,27.347,55.805
1908,36.1472,46.612399999999994,25.613599999999998,55.688
1908,36.9842,47.348600000000005,26.281399999999998,56.1938
1908,39.4448,50.6912,28.2182,56.8094
1908,46.0976,56.9354,35.123,58.641799999999996
1908,52.053799999999995,62.5244,40.748000000000005,60.3626
1908,55.9274,66.3134,44.4236,61.3202
1908,57.5546,67.5464,46.6034,61.912400000000005
1908,56.0768,66.84620000000001,45.4982,61.45700000000001
1908,53.5586,64.00580000000002,42.7586,60.674
1908,47.957,58.415000000000006,37.3064,58.7894
1908,41.4896,51.9764,30.9632,56.9156
1908,37.5278,48.0218,27.436999999999998,55.7402
1909,34.511,44.817800000000005,24.2636,55.110200000000006
1909,36.8708,47.4278,25.7954,56.03
1909,40.2602,51.1862,28.9814,56.9336
1909,45.5612,56.166799999999995,34.511,58.4942
1909,51.0998,62.00240000000001,39.884,60.08
1909,55.3316,65.678,44.1788,61.14380000000001
1909,57.308,67.6166,46.49,61.586600000000004
1909,56.753600000000006,67.325,45.9554,61.692800000000005
1909,53.3822,64.2038,42.4004,60.5282
1909,48.5456,59.2502,37.7978,58.8938
1909,43.2248,53.5262,32.5814,57.1874
1909,37.8014,47.7734,27.7646,55.7906
1910,36.1994,46.571,26.113999999999997,55.6502
1910,37.0022,47.0984,26.193199999999997,55.970600000000005
1910,40.290800000000004,51.4058,28.985,56.9696
1910,46.589,57.866,35.0672,58.721000000000004
1910,51.809,62.654,40.415000000000006,60.2816
1910,55.671800000000005,66.24860000000001,44.3678,61.27520000000001
1910,57.702200000000005,67.9136,46.769,61.7774
1910,56.6186,66.965,45.690799999999996,61.6586
1910,53.1194,63.7214,42.2042,60.575
1910,48.210800000000006,58.829,37.3748,59.0342
1910,41.5724,51.9296,30.8228,56.75
1910,36.8312,47.3,26.6018,55.428799999999995
1911,34.988,44.8394,24.855800000000002,55.2344
1911,36.4154,46.67,25.4048,55.6952
1911,39.824600000000004,50.6516,28.8626,56.753600000000006
1911,46.382,57.3458,35.3408,58.4888
1911,51.4922,62.078,40.3376,59.8946
1911,55.4162,66.3638,44.2004,60.9944
1911,57.3476,67.97659999999999,46.4954,61.5758
1911,56.2982,66.9128,45.6926,61.4966
1911,52.9484,63.4838,42.3014,60.438199999999995
1911,48.6734,58.982,38.1218,59.1134
1911,42.7352,52.9736,32.5562,57.3116
1911,38.102000000000004,47.8598,28.4342,56.165000000000006
1912,36.3236,46.2398,26.051,55.848200000000006
1912,38.0372,48.8822,27.107599999999998,56.471000000000004
1912,39.8408,51.305,28.4342,57.191
1912,46.8122,57.324200000000005,35.7638,59.117000000000004
1912,52.2572,63.30020000000001,40.985600000000005,60.4634
1912,56.183,66.8318,44.8988,61.5146
1912,56.70140000000001,67.5122,46.248799999999996,61.7162
1912,55.495400000000004,66.24860000000001,45.0986,61.3562
1912,52.199600000000004,63.38300000000001,41.4086,60.233000000000004
1912,47.0606,57.4394,36.4946,58.5518
1912,41.937799999999996,52.133,31.4762,57.07040000000001
1912,37.5242,46.952600000000004,27.5738,55.814
1913,35.7494,45.778999999999996,25.4174,55.5188
1913,36.2768,46.8194,25.727,56.0192
1913,40.1306,50.72,29.1254,57.1154
1913,46.4414,57.5942,35.438,58.9226
1913,51.340999999999994,62.267,40.373599999999996,60.2222
1913,55.409000000000006,66.33500000000001,44.000600000000006,61.1888
1913,57.446600000000004,68.4608,46.3406,61.7936
1913,56.7032,67.649,45.923,61.692800000000005
1913,53.1662,64.0994,42.1322,60.5606
1913,48.3386,58.827200000000005,37.5638,59.050399999999996
1913,42.843199999999996,53.006,32.6246,57.4214
1913,39.3854,49.2008,29.426,56.5232
1914,38.0768,47.8796,27.7988,56.381
1914,37.76,47.303599999999996,27.4082,56.436800000000005
1914,40.8956,51.8702,29.642,57.385400000000004
1914,46.5764,57.291799999999995,35.3984,59.0324
1914,52.313,62.958200000000005,41.4194,60.5426
1914,56.2928,66.803,44.9942,61.557800000000015
1914,57.7364,68.117,46.7276,61.97539999999999
1914,56.714,67.4456,46.166,62.0456
1914,53.447,63.94460000000001,42.558800000000005,60.935
1914,48.89660000000001,59.48780000000001,38.4206,59.4014
1914,42.3662,52.3166,32.4302,57.479
1914,38.480000000000004,47.7752,29.0768,56.474599999999995
1915,36.1382,46.2218,25.8512,55.976
1915,37.877,48.0758,27.464,56.615
1915,41.257400000000004,51.843199999999996,29.993,57.775999999999996
1915,47.669,58.2926,36.959,59.5256
1915,52.6874,62.85380000000001,41.6678,60.9206
1915,55.94,66.5402,44.8772,61.601
1915,57.9974,68.9954,47.219,62.2706
1915,56.786,67.99459999999999,45.9644,62.2436
1915,53.360600000000005,64.0598,42.8684,60.9836
1915,48.1712,58.751599999999996,37.4306,59.1674
1915,43.1888,53.8862,32.5346,57.6572
1915,38.5394,49.127,28.2758,56.3684
1916,36.7088,46.956199999999995,26.7314,55.9292
1916,37.3226,47.939,26.5568,56.4458
1916,40.7228,51.7298,29.1488,57.4178
1916,46.4846,57.3728,35.4524,58.955
1916,51.7496,62.7512,40.6292,60.40220000000001
1916,55.2956,66.03800000000001,44.360600000000005,61.32200000000002
1916,57.2936,68.0216,46.7312,61.8782
1916,56.444,67.0712,45.9572,61.7198
1916,53.10680000000001,63.741200000000006,42.305,60.6686
1916,48.2954,58.5734,37.6808,58.854200000000006
1916,42.0728,52.196,31.4402,56.8652
1916,36.1688,46.1084,25.8764,55.410799999999995
1917,35.8394,46.1264,25.1924,55.112
1917,36.248,47.0012,25.2122,55.5782
1917,40.0784,50.9936,28.4306,56.8418
1917,46.138999999999996,57.077600000000004,35.0402,58.667
1917,50.797399999999996,61.557800000000015,39.749,59.9666
1917,55.247,66.0002,44.2256,61.2302
1917,57.6662,68.1494,47.0786,62.0708
1917,56.2478,67.2224,45.580999999999996,61.84400000000001
1917,53.141,63.8042,42.4328,60.904399999999995
1917,47.3792,57.9668,36.752,58.8956
1917,42.476,53.034800000000004,32.1026,57.2036
1917,36.0446,45.8654,25.826,55.57640000000001
1918,35.4812,45.5936,25.156399999999998,55.6322
1918,36.419,46.8608,25.5776,55.961600000000004
1918,40.659800000000004,51.2672,29.7194,57.2612
1918,45.7592,56.6708,34.5668,58.6292
1918,50.971999999999994,61.664,39.894800000000004,60.3194
1918,55.2344,65.7158,44.1896,61.35079999999999
1918,57.2036,67.84880000000001,46.2128,61.8728
1918,56.175799999999995,66.7868,45.4856,61.7936
1918,53.385799999999996,64.3982,42.44,60.9332
1918,48.9794,59.5976,38.4404,59.4536
1918,42.2294,52.277,32.2556,57.7346
1918,37.126400000000004,46.8788,27.2714,56.190200000000004
1919,35.931200000000004,45.7682,25.8872,55.956199999999995
1919,37.1336,47.5286,26.6072,56.620400000000004
1919,40.537400000000005,51.2852,29.2154,57.596000000000004
1919,47.2766,57.9416,36.3938,59.4554
1919,51.7442,62.061800000000005,40.7858,60.5246
1919,55.8104,66.23060000000001,44.7836,61.475
1919,57.6932,68.2628,46.8752,61.8476
1919,56.8148,67.6472,46.1156,61.696400000000004
1919,53.581999999999994,64.1966,43.0268,60.845
1919,48.8498,59.009,38.3396,59.2106
1919,41.8802,52.0844,31.2242,57.0452
1919,37.803200000000004,47.7608,27.689,55.873400000000004
1920,37.1138,47.1992,26.7044,55.8626
1920,36.959,46.8788,26.4038,56.0246
1920,41.4086,51.8612,30.5924,57.650000000000006
1920,46.9274,57.4538,35.8952,59.1422
1920,52.035799999999995,62.861000000000004,41.2268,60.539
1920,55.589,66.02,44.702600000000004,61.54700000000001
1920,57.641,68.2178,46.9382,62.047399999999996
1920,56.656400000000005,67.3646,45.989599999999996,61.9268
1920,53.229200000000006,64.05800000000002,42.53,61.010600000000004
1920,48.23780000000001,58.7336,37.58,59.3708
1920,42.0188,52.0286,31.7786,57.4862
1920,36.7322,46.805,26.4866,55.9598
1921,37.364,47.726600000000005,27.1238,56.190200000000004
1921,37.625,48.506,26.9312,56.5196
1921,41.1458,51.6704,30.3242,57.430400000000006
1921,46.9832,57.7886,36.0536,59.009
1921,52.241,63.05900000000001,41.2736,60.4868
1921,56.192,66.848,45.291199999999996,61.682
1921,57.9848,68.756,47.1632,62.2094
1921,56.409800000000004,67.0424,45.681799999999996,61.912400000000005
1921,53.364200000000004,64.013,42.7928,61.0988
1921,48.675200000000004,59.223200000000006,38.2028,59.513000000000005
1921,42.5552,52.4516,32.36,57.6248
1921,38.5934,48.482600000000005,28.6268,56.5286
1922,35.87,45.6854,25.8296,55.718599999999995
1922,36.2768,46.821200000000005,25.3688,56.2154
1922,41.2808,52.246399999999994,29.8616,57.641
1922,47.083999999999996,58.1378,35.8808,59.3024
1922,51.974599999999995,62.44160000000001,40.9694,60.400400000000005
1922,55.9958,66.47540000000001,45.0788,61.530800000000006
1922,57.7004,68.1764,46.8338,62.141000000000005
1922,56.4512,67.055,45.6782,61.7576
1922,53.195,63.7898,42.3572,60.7658
1922,48.300799999999995,58.955,37.6412,59.0774
1922,42.8828,52.907,32.4176,57.4106
1922,38.6006,48.1424,28.643,56.305400000000006
1923,36.4766,46.778,26.249,55.832
1923,36.6134,46.9364,26.290399999999998,56.0444
1923,40.7588,51.4148,29.7392,57.2882
1923,45.9482,56.55200000000001,34.8836,58.9262
1923,51.5282,62.28500000000001,40.622,60.303200000000004
1923,55.9328,66.30080000000001,44.8502,61.613600000000005
1923,57.1712,67.658,46.4216,61.930400000000006
1923,56.4998,67.001,45.760999999999996,61.772
1923,53.389399999999995,64.0094,42.4688,60.7856
1923,49.135999999999996,59.3384,38.3414,59.4482
1923,43.4804,53.3678,32.8532,57.9272
1923,38.984,48.684200000000004,28.5746,56.7302
1924,36.2102,46.2416,25.6964,55.94540000000001
1924,37.1984,47.4962,26.555,56.453
1924,41.6336,52.232,30.5492,57.785
1924,46.346000000000004,56.9426,35.0996,59.1458
1924,52.138400000000004,62.93300000000001,40.829,60.6524
1924,56.015600000000006,66.551,44.753,61.6298
1924,57.7472,68.1026,46.6898,62.1032
1924,56.577200000000005,67.13419999999999,45.653,61.800799999999995
1924,53.5226,64.0094,42.843199999999996,60.805400000000006
1924,48.5654,58.8128,37.922,59.0756
1924,43.52,53.229200000000006,33.1808,57.4376
1924,38.272999999999996,47.5502,28.3622,56.015600000000006
1925,36.0824,45.471199999999996,26.2778,55.6826
1925,36.8618,47.318,26.0348,56.049800000000005
1925,41.2268,52.0394,29.948,57.479
1925,47.1956,58.168400000000005,35.9204,59.019800000000004
1925,51.8702,62.6576,40.6904,60.539
1925,55.5602,66.2738,44.389399999999995,61.543400000000005
1925,57.3188,67.9478,46.4846,62.132000000000005
1925,56.7842,67.5266,45.9032,62.08879999999999
1925,53.562200000000004,64.17320000000001,42.8144,61.05200000000001
1925,48.552800000000005,58.800200000000004,37.9166,59.3978
1925,43.412,53.4416,33.1628,57.9524
1925,39.916399999999996,50.019800000000004,29.354,57.0146
1926,38.2154,47.813,28.0004,56.7302
1926,38.6906,49.1054,27.8474,56.9156
1926,42.4958,52.8674,31.5788,58.1648
1926,46.7474,57.371,35.6108,59.3852
1926,51.675799999999995,62.03840000000001,40.650800000000004,60.6776
1926,55.913,66.5852,44.742200000000004,61.8458
1926,57.502399999999994,67.9964,46.504400000000004,62.1788
1926,56.9786,67.451,46.248799999999996,62.24
1926,53.735,64.06880000000001,43.07,61.199600000000004
1926,49.19,59.8532,38.4818,59.6696
1926,43.34,53.4848,33.1124,57.8318
1926,38.0588,47.534,27.9536,56.3684
1927,36.2696,46.283,25.6784,55.9814
1927,37.4702,47.606,26.8412,56.57
1927,40.4024,51.016999999999996,29.309,57.3512
1927,46.463,57.212599999999995,35.3336,59.081
1927,51.9872,62.5964,40.7714,60.5714
1927,55.8896,66.4448,44.790800000000004,61.59920000000001
1927,57.781400000000005,68.42660000000001,46.9112,62.2616
1927,56.656400000000005,67.1522,45.8546,62.135600000000004
1927,54.057199999999995,64.59620000000001,43.268,61.2032
1927,49.7966,60.128600000000006,39.236,59.783
1927,43.4228,53.7296,33.0728,57.8156
1927,37.8806,47.6402,27.694399999999998,56.287400000000005
1928,37.4828,46.9238,27.264200000000002,56.5466
1928,37.9994,48.272,27.3038,56.699600000000004
1928,40.9262,51.605599999999995,29.7554,57.6122
1928,46.8392,57.547399999999996,35.6828,59.2268
1928,52.104200000000006,62.708000000000006,40.9658,60.584
1928,55.6034,65.9408,44.681,61.439
1928,57.758,68.009,46.7402,62.2328
1928,56.6366,67.1396,46.0364,62.06
1928,53.653999999999996,64.36580000000001,42.836,60.9188
1928,49.0748,59.696600000000004,38.3882,59.4176
1928,43.4048,53.4794,33.1322,57.696799999999996
1928,38.9714,48.534800000000004,28.8482,56.422399999999996
1929,35.6972,45.464,25.412,55.64660000000001
1929,35.9096,46.1084,25.0106,55.8338
1929,41.178200000000004,51.7676,29.964199999999998,57.342200000000005
1929,46.569199999999995,57.344,35.3156,58.976600000000005
1929,51.647,62.430800000000005,40.611200000000004,60.288799999999995
1929,55.2704,65.57,44.4344,61.390400000000014
1929,57.122600000000006,67.37360000000001,46.4216,61.862
1929,56.623999999999995,67.18639999999999,45.8546,62.0078
1929,53.2526,63.676400000000015,42.6668,60.965599999999995
1929,49.028000000000006,59.390600000000006,38.6348,59.4464
1929,43.1096,53.1626,32.6786,57.763400000000004
1929,36.6278,45.9842,26.698999999999998,55.7726
1930,36.321799999999996,45.806,26.2958,55.867999999999995
1930,37.6736,48.019999999999996,26.8664,56.372
1930,41.8694,52.7702,30.9722,57.7868
1930,46.727599999999995,57.230599999999995,35.7296,59.1458
1930,51.989000000000004,62.366,41.028800000000004,60.6398
1930,56.0246,66.3278,45.131,61.65140000000001
1930,58.037,68.4536,47.147,62.337199999999996
1930,57.07040000000001,67.6454,46.392799999999994,62.2238
1930,53.3732,63.9572,42.683,61.25
1930,48.669799999999995,58.8938,38.4566,59.639
1930,43.8332,53.6576,33.6056,58.109
1930,38.8958,48.3188,28.8752,56.7032
1931,36.9698,46.5062,26.7854,56.3522
1931,36.8744,46.7924,26.3786,56.5178
1931,41.396,52.1492,30.1892,57.824600000000004
1931,46.6934,57.342200000000005,35.645,59.2088
1931,51.836,62.248999999999995,40.9118,60.5696
1931,56.4314,66.9542,45.4802,61.93400000000001
1931,58.2368,68.7182,47.597,62.5406
1931,57.416,67.9298,46.7402,62.39660000000001
1931,54.1094,64.5404,43.673,61.3292
1931,49.8866,60.2924,39.3314,59.8064
1931,43.2374,52.934,32.981,57.7706
1931,39.2486,49.0586,29.168599999999998,56.6798
1932,38.4872,48.4862,28.302799999999998,56.6366
1932,37.3802,47.8346,26.186,56.5844
1932,40.892,51.681200000000004,29.9048,57.6536
1932,47.7842,58.3592,36.678200000000004,59.603
1932,52.2302,62.357,41.405,60.83240000000001
1932,56.0894,66.40520000000001,45.0644,61.7072
1932,57.869600000000005,68.1674,47.1488,62.3228
1932,56.732,67.1,46.2506,62.024
1932,54.158,64.78880000000001,43.412,61.273399999999995
1932,49.4276,59.7632,39.019999999999996,59.504
1932,42.6344,52.791799999999995,32.0252,57.515
1932,38.3486,47.998400000000004,28.272199999999998,56.404399999999995
1933,35.9042,45.2822,25.784599999999998,55.867999999999995
1933,36.7826,47.0318,26.0276,56.3108
1933,40.7642,51.3932,29.714,57.4358
1933,46.625,57.282799999999995,35.6054,59.0774
1933,51.884600000000006,62.321000000000005,40.9784,60.4814
1933,55.598,66.26480000000001,44.6018,61.4066
1933,57.6248,68.0666,46.931,62.0672
1933,56.768,67.343,46.1444,62.061800000000005
1933,53.337199999999996,63.7358,42.899,60.8432
1933,48.6284,59.3096,38.0732,59.257400000000004
1933,42.602000000000004,52.8404,32.1674,57.4358
1933,37.5872,47.2208,27.4406,56.0336
1934,36.4568,46.391,26.3642,55.8968
1934,38.6582,49.1072,28.0562,56.6618
1934,40.6724,51.503,29.5124,57.3296
1934,46.4288,57.192800000000005,35.3354,59.036
1934,52.660399999999996,63.559400000000004,41.468,60.7118
1934,56.123599999999996,66.52940000000001,45.3596,61.84040000000002
1934,57.8174,68.25200000000001,47.2496,62.3318
1934,56.800399999999996,67.16120000000001,46.418,62.132000000000005
1934,53.1086,63.509000000000015,42.6182,61.0304
1934,48.9578,59.6678,38.5322,59.5976
1934,43.5146,53.1248,33.7604,57.9416
1934,39.173,48.702200000000005,29.084,56.6114
1935,35.915,45.9266,25.4876,55.938199999999995
1935,39.425,49.8992,28.909399999999998,56.9426
1935,41.718199999999996,52.4174,30.5564,57.684200000000004
1935,45.9878,56.858000000000004,34.7918,59.023399999999995
1935,51.6308,62.384000000000015,40.559,60.5264
1935,55.9868,66.38,44.9474,61.7072
1935,57.7958,68.31139999999999,47.1884,62.3264
1935,56.795,67.3826,46.0958,62.087
1935,53.598200000000006,64.2128,42.875600000000006,61.0574
1935,49.1288,59.682199999999995,38.66,59.559799999999996
1935,41.797399999999996,51.5282,31.586,57.324200000000005
1935,38.1614,47.615,28.238,56.39
1936,36.0482,46.050799999999995,25.646,55.867999999999995
1936,36.5108,46.8554,25.7756,56.3594
1936,41.055800000000005,51.857600000000005,29.9228,57.5708
1936,46.6286,57.3476,35.5568,59.1602
1936,52.2518,62.7368,41.414,60.683
1936,56.053399999999996,66.5078,45.1184,61.7432
1936,58.3322,68.79740000000001,47.6672,62.4704
1936,56.948,67.4438,46.2722,62.2598
1936,53.6378,64.238,42.9152,61.1438
1936,49.0226,59.5688,38.5844,59.741600000000005
1936,43.2194,53.2652,32.7326,57.8084
1936,39.0578,48.525800000000004,29.4062,56.7806
1937,36.4154,46.1822,26.211199999999998,56.1506
1937,38.3954,48.626599999999996,27.703400000000002,57.02720000000001
1937,40.7318,51.315799999999996,29.4566,57.696799999999996
1937,46.652,57.245000000000005,35.6018,59.410399999999996
1937,52.5596,63.2444,41.3042,60.891799999999996
1937,56.4854,67.20439999999999,45.4172,62.022200000000005
1937,57.875,68.2772,47.138,62.69720000000001
1937,57.212599999999995,67.73,46.661,62.4938
1937,54.3434,65.0786,43.5542,61.5236
1937,49.5122,60.143,39.2036,59.9414
1937,43.440799999999996,53.4434,33.1016,58.004599999999996
1937,38.260400000000004,48.1982,28.0472,56.6312
1938,37.238,47.148799999999994,27.3254,56.47279999999999
1938,38.1506,48.4484,27.4676,56.8886
1938,42.1718,52.9088,31.2242,58.0838
1938,48.043400000000005,58.9712,37.3424,59.653400000000005
1938,52.6208,63.37220000000001,41.7686,60.8018
1938,55.9778,66.1802,45.3524,61.892600000000016
1938,58.0676,68.4482,47.501599999999996,62.3678
1938,57.133399999999995,67.73,46.574600000000004,62.4272
1938,54.3686,64.9598,43.6424,61.4606
1938,49.6112,60.321200000000005,39.1712,59.946799999999996
1938,43.754000000000005,53.8898,33.7442,57.9344
1938,38.318,48.0596,28.3982,56.400800000000004
1939,37.2776,47.354,27.0122,56.368399999999994
1939,37.8176,48.2864,27.436999999999998,56.7626
1939,40.8668,51.5048,30.02,57.6914
1939,46.9904,57.992000000000004,36.0878,59.532799999999995
1939,52.7432,63.4802,41.6516,61.1132
1939,56.3558,67.04599999999999,45.518,62.0816
1939,57.911,68.468,47.5106,62.5784
1939,57.077600000000004,67.6526,46.4198,62.4056
1939,53.5244,64.2596,42.6326,61.34
1939,48.5924,58.9334,38.2622,59.4176
1939,43.1402,53.135600000000004,32.999,57.8822
1939,40.9262,51.1322,30.671599999999998,57.3566
1940,36.203,46.29559999999999,25.97,56.436800000000005
1940,38.1614,48.650000000000006,27.5216,57.077600000000004
1940,41.7632,52.5236,30.8804,58.064
1940,47.7608,58.627399999999994,36.8996,59.8136
1940,52.4084,63.0914,41.363600000000005,60.944
1940,56.4494,67.1018,45.5576,62.105000000000004
1940,58.2278,68.7344,47.318,62.821400000000004
1940,56.8598,67.3916,46.2866,62.50279999999999
1940,54.08240000000001,64.7348,43.4786,61.574
1940,49.0226,59.4914,38.7716,59.6912
1940,42.936800000000005,53.0006,32.936,57.878600000000006
1940,39.4412,49.265600000000006,29.4476,57.128
1941,36.923,47.026399999999995,26.582,56.5196
1941,38.606,48.9902,27.9788,57.1028
1941,41.383399999999995,52.0736,30.3782,57.965
1941,47.435,57.9722,36.7088,59.732600000000005
1941,52.6874,63.0662,42.0476,61.0736
1941,56.534000000000006,67.0046,45.8528,62.1554
1941,58.449200000000005,69.0404,47.730199999999996,62.835800000000006
1941,57.2504,67.7354,46.6412,62.447
1941,53.2688,64.0634,42.751400000000004,61.142
1941,49.478,59.9072,39.178399999999996,60.1322
1941,42.7154,52.7648,32.477,58.055
1941,38.6726,48.3368,28.634,57.1478
1942,37.5854,47.687,27.3038,56.8778
1942,37.1426,47.3792,26.8106,56.791399999999996
1942,41.5544,52.2752,30.6122,58.168400000000005
1942,47.148799999999994,58.0154,36.321799999999996,59.5526
1942,52.4084,62.952799999999996,41.71640000000001,61.064600000000006
1942,56.4404,66.95060000000001,45.897800000000004,62.112200000000016
1942,57.635600000000004,68.1926,47.3288,62.42360000000001
1942,56.8148,67.28540000000001,46.4756,62.1788
1942,53.86280000000001,64.6574,43.071799999999996,61.277
1942,49.3286,59.8136,38.9552,59.644400000000005
1942,43.511,53.8682,33.233,57.9668
1942,39.101,48.8624,29.346799999999998,56.9696
1943,36.3128,46.4306,26.0906,56.339600000000004
1943,38.3234,49.0424,27.734,57.090199999999996
1943,41.248400000000004,52.0214,30.5384,57.8678
1943,47.5484,58.3772,36.8942,59.603
1943,52.673,63.321799999999996,41.9414,61.0214
1943,55.6898,66.26480000000001,45.1652,61.8728
1943,58.028000000000006,68.7092,47.3054,62.51
1943,56.7932,67.424,46.3748,62.441599999999994
1943,53.7728,64.4522,43.385,61.313
1943,49.8326,60.5462,39.3224,60.116
1943,43.268,53.366,33.0656,58.153999999999996
1943,39.6194,49.469,29.6132,57.122600000000006
1944,38.3072,48.2666,28.5278,56.8742
1944,38.4638,48.9326,28.1786,57.2414
1944,41.9558,52.730599999999995,31.28,58.337599999999995
1944,47.1812,58.238600000000005,36.2066,59.7776
1944,52.4012,63.4694,41.5904,61.1816
1944,56.260400000000004,67.11439999999999,45.4838,62.189600000000006
1944,58.0424,68.8874,47.5736,62.8142
1944,57.230599999999995,68.1944,46.5368,62.8106
1944,54.41,65.21540000000002,43.9052,61.64960000000001
1944,49.654399999999995,60.3176,39.2576,60.121399999999994
1944,42.9638,52.727000000000004,33.0926,57.921800000000005
1944,38.181200000000004,48.0128,28.4558,56.7806
1945,36.545,46.6286,26.7674,56.454800000000006
1945,36.7628,47.0714,26.5208,56.744600000000005
1945,41.3312,52.1276,30.3836,58.0316
1945,47.6258,58.5086,36.6818,59.775800000000004
1945,51.974599999999995,62.985200000000006,41.0144,60.9152
1945,55.9904,66.93260000000001,45.2588,61.989799999999995
1945,57.5834,68.2556,47.0336,62.4398
1945,57.763400000000004,68.34020000000001,47.1434,62.7908
1945,54.004999999999995,64.5404,43.5452,61.4444
1945,49.235,59.8244,38.894,60.03320000000001
1945,42.931400000000004,53.0546,32.846,58.0154
1945,37.6844,47.6078,27.7934,56.5088
1946,37.3622,47.2712,27.415399999999998,56.5484
1946,38.2298,48.6662,27.6998,56.8688
1946,41.424800000000005,52.239200000000004,30.4898,58.1252
1946,47.9066,58.836200000000005,36.8798,59.793800000000005
1946,52.439,63.095000000000006,41.5814,60.78920000000001
1946,55.9364,66.3548,44.9546,61.7234
1946,57.9362,68.477,47.1686,62.4992
1946,56.9012,67.6094,46.3964,62.09060000000001
1946,53.715199999999996,64.2578,43.2752,61.2536
1946,48.705799999999996,59.315,38.4386,59.7866
1946,43.223,53.3534,32.999,57.8462
1946,37.6412,47.325199999999995,27.842,56.3504
1947,36.6746,46.596199999999996,26.6144,56.357600000000005
1947,37.8986,48.281,27.1976,56.8976
1947,42.4418,53.24,31.3394,58.172
1947,47.6348,58.52120000000001,36.928399999999996,59.6714
1947,52.3922,63.0788,41.4734,60.9602
1947,56.2262,66.8498,45.4136,62.061800000000005
1947,57.8282,68.2268,47.03,62.5514
1947,56.8886,67.1738,46.4036,62.24720000000001
1947,53.8988,64.3262,43.439,61.269800000000004
1947,50.019800000000004,60.4346,39.7634,59.882000000000005
1947,43.5326,53.4668,33.6434,57.983000000000004
1947,38.580799999999996,48.3548,28.7888,56.6456
1948,38.0588,48.4448,27.766399999999997,56.5988
1948,37.796,48.2612,27.296599999999998,56.6456
1948,40.8542,51.5336,30.1298,57.711200000000005
1948,47.298199999999994,57.8912,36.7106,59.47879999999999
1948,52.7666,63.665600000000005,41.92700000000001,61.111399999999996
1948,56.5952,67.3052,45.653,62.135600000000004
1948,58.001000000000005,68.6012,47.525,62.4884
1948,57.0128,67.766,46.336999999999996,62.42360000000001
1948,53.879,64.7906,43.1762,61.237399999999994
1948,49.2512,59.936,38.8616,59.700199999999995
1948,43.133,53.3354,33.2438,57.7382
1948,38.2838,48.165800000000004,28.346,56.372
1949,37.794200000000004,47.9066,27.6296,56.6672
1949,36.9662,47.3324,26.5946,56.6348
1949,41.1386,51.7658,30.6086,57.7796
1949,47.0192,57.938,36.2552,59.5616
1949,52.3562,62.952799999999996,41.7992,60.913399999999996
1949,55.8014,66.3152,45.3002,61.640600000000006
1949,57.5582,68.2304,46.9346,62.2526
1949,56.8868,67.586,46.4072,62.2328
1949,53.5226,64.3442,42.8936,61.1186
1949,49.1558,59.7902,38.6942,59.675
1949,43.0664,53.2778,32.8154,57.7958
1949,38.2082,47.9174,28.5944,56.5394
1950,35.6144,45.6998,25.4804,55.9598
1950,36.897800000000004,47.254999999999995,26.5766,56.3972
1950,41.4446,52.1114,30.7526,57.7328
1950,46.6214,57.482600000000005,35.6774,59.1674
1950,52.3346,63.0536,41.7578,60.85940000000001
1950,56.087599999999995,66.72200000000001,45.5018,61.988
1950,57.452,67.7876,47.1506,62.565799999999996
1950,56.228,66.902,45.9122,62.11579999999999
1950,53.5136,63.92660000000001,43.169,61.0232
1950,48.4754,58.8524,38.2136,59.441
1950,41.6696,51.9386,31.2332,57.308
1950,38.3504,48.4214,28.272199999999998,56.454800000000006
1951,35.8484,45.986,25.6622,56.0138
1951,36.1976,46.6934,25.4102,56.278400000000005
1951,41.1638,51.9332,30.0434,57.7004
1951,47.0606,58.168400000000005,35.9438,59.3564
1951,52.5884,63.26780000000001,41.6768,61.0844
1951,55.85,66.488,45.1616,62.1824
1951,57.78320000000001,68.405,47.1488,62.6828
1951,57.23780000000001,67.658,46.4594,62.7458
1951,54.1832,65.05160000000001,43.5686,61.574
1951,49.406,59.2682,39.2846,59.952200000000005
1951,43.205,53.1536,32.8226,57.9596
1951,39.7904,49.6184,29.9084,57.191
1952,37.4882,47.580799999999996,27.357799999999997,56.77160000000001
1952,38.1128,48.403400000000005,27.634999999999998,57.2162
1952,40.9406,51.728,29.8526,57.871399999999994
1952,47.2298,58.217,36.400999999999996,59.653400000000005
1952,52.4336,63.120200000000004,41.7092,61.0322
1952,56.1956,66.9668,45.7268,62.151799999999994
1952,58.188199999999995,68.7488,47.7572,62.72239999999999
1952,57.1352,67.55539999999999,46.6898,62.513600000000004
1952,54.028400000000005,64.59620000000001,43.4822,61.510999999999996
1952,48.482600000000005,59.0576,37.9292,59.7812
1952,41.765,51.830600000000004,31.7048,57.8012
1952,38.5862,48.587,28.67,56.8166
1953,37.3352,47.373799999999996,27.2678,56.5556
1953,38.5322,49.117999999999995,28.0724,57.236000000000004
1953,42.2816,53.0186,31.604,58.2098
1953,48.0056,58.6634,37.2434,59.9324
1953,52.7252,63.2444,41.954,61.2788
1953,56.501599999999996,67.0298,45.9482,62.402
1953,57.9056,68.4572,47.417,62.7584
1953,57.306200000000004,67.6454,46.85,62.573
1953,53.958200000000005,64.661,43.3184,61.5524
1953,49.262,59.6606,39.0344,59.84779999999999
1953,42.6632,52.4768,32.7542,57.7976
1953,39.1964,48.8588,29.6618,56.9516
1954,35.7062,45.8114,25.554199999999998,56.084
1954,37.5512,47.9534,27.186799999999998,56.8094
1954,41.2664,52.0664,30.443,57.893
1954,46.6844,57.1514,36.3632,59.406800000000004
1954,51.778400000000005,62.211200000000005,41.3528,60.7478
1954,56.120000000000005,66.58340000000001,45.716,61.89620000000001
1954,57.6338,68.027,47.3774,62.3318
1954,56.9624,67.2584,46.7312,62.2688
1954,53.7764,64.1336,43.4624,61.2014
1954,49.1828,59.468,39.0236,59.7614
1954,43.8422,53.879,33.8828,58.064
1954,38.4062,48.047,28.8086,56.516
1955,38.1416,48.0452,28.3496,56.6906
1955,37.6466,48.1388,27.122,56.6924
1955,40.253,50.6786,29.4314,57.5222
1955,46.644800000000004,57.0452,36.001400000000004,59.214200000000005
1955,52.1456,62.798000000000016,41.9072,60.587599999999995
1955,56.408,66.5924,45.923,61.799
1955,57.635600000000004,67.9262,47.4422,62.25620000000001
1955,57.7094,67.74260000000001,46.9454,62.4182
1955,53.5172,64.14620000000001,43.528999999999996,61.0664
1955,49.522999999999996,59.802800000000005,39.0614,59.5994
1955,42.751400000000004,52.748599999999996,32.1512,57.579800000000006
1955,37.9508,47.8436,27.9428,56.339600000000004
1956,36.4388,46.2362,26.500999999999998,56.199200000000005
1956,37.0058,47.399,26.3642,56.526799999999994
1956,40.8002,51.5048,30.1496,57.6158
1956,46.2596,56.9264,35.6774,59.0522
1956,51.297799999999995,62.1212,41.1494,60.4814
1956,55.688,66.09020000000001,45.1562,61.64960000000001
1956,57.524,67.9136,47.4854,62.294000000000004
1956,55.7402,66.1406,45.523399999999995,61.889
1956,53.2094,63.501799999999996,42.5696,60.9584
1956,48.07039999999999,58.4006,37.7114,59.2862
1956,42.3284,52.5452,32.2412,57.669799999999995
1956,38.4764,48.1316,28.805,56.6672
1957,36.4784,46.409,26.654,56.251400000000004
1957,37.616,47.6744,27.482,56.8472
1957,41.064800000000005,51.7748,30.3512,57.885799999999996
1957,47.0588,57.3692,36.3668,59.583200000000005
1957,52.2662,62.69720000000001,41.774,61.1888
1957,56.8094,67.0514,46.0598,62.3804
1957,57.432199999999995,67.6904,47.0876,62.66120000000001
1957,57.3476,67.6256,46.873400000000004,62.688199999999995
1957,54.1616,64.517,43.5326,61.483999999999995
1957,49.0928,59.0882,38.8418,59.8334
1957,43.5038,53.3282,33.4958,58.1288
1957,39.7904,49.424,30.302599999999998,57.1478
1958,38.4332,48.1586,28.8104,56.9858
1958,38.650999999999996,49.1828,28.4918,57.3278
1958,41.8154,52.3778,31.0118,58.1846
1958,47.336,57.9056,36.626,59.64620000000001
1958,52.7342,63.239000000000004,42.125,61.123999999999995
1958,55.736599999999996,66.2504,45.3686,61.9142
1958,57.9884,68.2178,47.9102,62.67020000000001
1958,56.474599999999995,66.91820000000001,46.4864,62.2976
1958,53.321,63.58820000000001,43.1672,61.31120000000001
1958,48.875,59.169200000000004,38.7356,59.7866
1958,43.268,53.0924,33.3428,58.1126
1958,38.879599999999996,48.614000000000004,29.1974,56.8922
1959,37.3262,47.102,27.6692,56.544799999999995
1959,37.994,48.2072,27.995,56.9714
1959,42.5372,53.1104,31.8722,58.3016
1959,47.874199999999995,58.5536,37.0526,59.7902
1959,52.3814,62.8952,41.9648,61.0196
1959,56.4386,66.88220000000001,45.9464,62.196799999999996
1959,58.0082,68.4248,47.9372,62.6036
1959,56.9354,67.1576,46.9778,62.434400000000004
1959,53.5028,63.793400000000005,43.419200000000004,61.300399999999996
1959,48.488,58.580600000000004,38.4548,59.729
1959,42.3536,52.269800000000004,32.5436,57.6896
1959,38.786,48.4196,29.3126,56.773399999999995
1960,36.8834,46.799600000000005,27.278599999999997,56.3954
1960,38.8364,49.5464,28.544,57.1208
1960,39.745400000000004,50.3888,28.9814,57.461
1960,46.639399999999995,57.119,36.0122,59.342
1960,51.5696,62.078,41.0792,60.7208
1960,56.27120000000001,66.7508,45.9122,62.006
1960,57.5564,67.7912,47.2856,62.573
1960,56.885,67.2872,46.8356,62.544200000000004
1960,53.771,64.1408,43.6964,61.4876
1960,49.0946,59.423,38.84,59.8208
1960,42.4904,52.5794,32.639,57.763400000000004
1960,39.6662,49.352000000000004,30.2396,57.07040000000001
1961,37.2668,47.083999999999996,27.7106,56.5952
1961,38.6294,48.7382,28.589,57.3044
1961,42.0602,52.660399999999996,31.5122,58.2962
1961,47.5358,58.0946,37.0706,59.7992
1961,52.9232,63.665600000000005,42.312200000000004,61.2338
1961,56.6636,67.2764,46.0328,62.25800000000001
1961,57.7184,68.0252,47.5952,62.5766
1961,56.928200000000004,67.2908,46.814,62.45060000000001
1961,54.0446,64.37660000000001,43.745000000000005,61.3562
1961,48.7904,59.1026,38.3144,59.7218
1961,43.169,52.979,33.332,57.986599999999996
1961,38.3,48.2288,28.553,56.6276
1962,37.4054,47.5826,27.4838,56.579
1962,38.6528,49.1846,28.319,57.2054
1962,41.954,52.7666,31.2512,58.1396
1962,47.372,58.0514,36.6368,59.635400000000004
1962,52.0304,62.67200000000001,41.351,60.8738
1962,56.1686,66.83000000000001,45.4208,62.022200000000005
1962,57.569,68.0972,47.211800000000004,62.513600000000004
1962,56.6834,67.1954,46.2938,62.294000000000004
1962,53.632400000000004,64.12100000000001,43.3634,61.2428
1962,49.0424,59.406800000000004,38.7932,59.7722
1962,43.3094,53.195,33.4346,57.9578
1962,39.092,48.965,29.426,56.796800000000005
1963,37.2218,47.6078,27.177799999999998,56.4692
1963,39.236,49.91,28.967,57.2252
1963,41.1746,51.877399999999994,30.389,57.842600000000004
1963,46.7114,57.0452,36.230000000000004,59.3888
1963,51.881,62.27420000000001,41.4212,60.89
1963,56.1416,66.6968,45.687200000000004,62.015
1963,58.1108,68.4122,47.8346,62.760200000000005
1963,57.7562,68.0162,47.2478,62.7098
1963,54.599000000000004,64.9508,44.1032,61.664
1963,49.897400000000005,60.288799999999995,39.7868,60.0566
1963,43.8098,53.7224,34.358,58.244
1963,38.75,48.8228,29.0012,56.870599999999996
1964,37.1858,47.0912,27.4118,56.471000000000004
1964,37.4504,47.8238,27.296599999999998,56.714
1964,40.757000000000005,51.746,29.9264,57.660799999999995
1964,46.2596,56.8292,35.8736,59.111599999999996
1964,51.629,62.241800000000005,41.363600000000005,60.540800000000004
1964,56.2262,66.695,45.5648,61.8638
1964,57.7418,68.117,47.4296,62.211200000000005
1964,56.620400000000004,66.8948,46.489999999999995,61.9412
1964,52.8872,63.309200000000004,42.998000000000005,60.8036
1964,47.8976,58.3772,37.7924,59.3078
1964,42.769400000000005,52.89620000000001,32.8694,57.5636
1964,38.2244,47.7662,28.7906,56.339600000000004
1965,37.1516,47.1524,27.4532,56.381
1965,37.4648,48.0326,26.9204,56.656400000000005
1965,41.327600000000004,52.196,30.677,57.713
1965,46.382,56.913799999999995,35.9024,59.17100000000001
1965,52.199600000000004,62.902400000000014,41.4716,60.8126
1965,55.9544,66.4268,45.4694,61.7576
1965,57.3404,67.7642,47.0768,62.1716
1965,56.8526,67.24940000000001,46.7312,62.245400000000004
1965,53.114000000000004,63.3326,42.9728,61.077200000000005
1965,49.0784,59.198,38.84,59.7308
1965,42.548,52.4066,32.6372,57.7166
1965,38.778800000000004,48.623000000000005,29.2226,56.795
1966,36.482,46.4882,26.5262,56.291
1966,37.922,48.208999999999996,27.6422,56.858000000000004
1966,41.9486,52.3328,31.244,58.001000000000005
1966,46.6898,57.1118,36.1958,59.4572
1966,52.16,62.726,41.3402,60.7766
1966,56.4566,66.88040000000001,45.9014,62.047399999999996
1966,58.2242,68.7056,47.8814,62.659400000000005
1966,56.7158,67.3286,46.5566,62.2868
1966,53.8394,64.4504,43.6676,61.291399999999996
1966,48.4754,58.5986,38.399,59.567
1966,42.7442,52.844,32.7416,57.851600000000005
1966,38.0876,47.764399999999995,28.531399999999998,56.629400000000004
1967,36.878,47.111,26.8358,56.3486
1967,37.229,47.5142,27.0104,56.638400000000004
1967,41.7128,52.199600000000004,31.3592,58.037
1967,47.2244,57.8768,36.5,59.540000000000006
1967,52.9376,63.509000000000015,42.4112,61.3022
1967,55.7492,66.03980000000001,45.401,61.997000000000014
1967,57.7958,68.2556,47.6708,62.546
1967,56.8778,67.26740000000001,46.709599999999995,62.312
1967,53.697199999999995,64.1336,43.2842,61.2392
1967,49.6562,59.8622,39.5204,59.8442
1967,43.1168,52.709,33.4544,57.8354
1967,39.047,48.702200000000005,29.444,56.714
1968,36.2354,46.1606,26.4884,56.1002
1968,37.841,47.983999999999995,27.8258,56.7032
1968,43.010600000000004,53.4326,32.513,58.2458
1968,47.219,57.968599999999995,36.6728,59.4698
1968,51.922399999999996,62.168000000000006,41.3168,60.782
1968,55.7672,65.9714,45.172399999999996,62.0528
1968,57.2468,67.52120000000001,47.1758,62.39660000000001
1968,56.343199999999996,66.6284,46.2056,62.229200000000006
1968,52.916,63.22640000000001,42.6956,61.07900000000001
1968,49.0154,59.1548,38.8166,59.8658
1968,42.6038,52.34,32.6426,57.9524
1968,37.832,47.3918,28.1912,56.823800000000006
1969,35.5388,45.0122,26.0636,56.33240000000001
1969,36.41,46.3442,26.2562,56.744600000000005
1969,41.2358,51.83240000000001,30.5168,58.2368
1969,47.4368,57.7148,36.842,59.9324
1969,52.437200000000004,62.715199999999996,42.017,61.3922
1969,56.254999999999995,66.5744,45.6224,62.294000000000004
1969,57.5924,68.04320000000001,47.5988,62.4632
1969,56.8472,67.3304,46.6232,62.501000000000005
1969,53.6864,63.806000000000004,43.5578,61.4066
1969,49.080200000000005,58.7984,39.29,59.801
1969,43.556,53.553200000000004,33.6614,58.1432
1969,39.578,49.2566,29.9498,57.1874
1970,37.1048,46.9184,27.3488,56.6798
1970,38.723,49.1774,28.364,57.239599999999996
1970,41.4896,51.918800000000005,31.019,58.1054
1970,47.4854,57.889399999999995,36.9302,59.792
1970,52.1708,62.89700000000001,41.723600000000005,60.9872
1970,56.3234,66.86240000000001,45.678200000000004,62.009600000000006
1970,57.911,68.4572,47.7014,62.441599999999994
1970,56.5844,66.974,46.574600000000004,62.1464
1970,54.0986,64.1822,43.916,61.403000000000006
1970,48.82640000000001,58.928,38.8166,59.756
1970,42.8846,52.8116,32.9432,57.9524
1970,38.3378,48.0938,28.7078,56.6726
1971,37.3406,47.3558,27.4442,56.507000000000005
1971,37.1606,47.4422,27.098599999999998,56.5286
1971,41.0018,51.7406,30.3872,57.6572
1971,47.0102,57.6806,36.528800000000004,59.4086
1971,52.1798,62.934799999999996,41.6912,60.7334
1971,55.5782,66.1856,45.3848,61.7702
1971,57.450199999999995,67.97120000000001,47.3198,62.3228
1971,56.9822,67.26740000000001,46.5548,62.1536
1971,53.8502,64.25240000000002,43.633399999999995,61.196
1971,48.898399999999995,59.2628,38.8562,59.5364
1971,43.331,53.3156,33.6758,57.9182
1971,38.9606,48.6104,29.4098,56.588
1972,35.3876,45.3056,25.6118,55.9364
1972,36.6962,46.794200000000004,26.393,56.559200000000004
1972,41.516600000000004,52.104200000000006,30.790399999999998,58.0028
1972,47.0066,57.4664,36.4964,59.5238
1972,52.079,62.5424,41.6498,60.971000000000004
1972,56.3018,66.61580000000001,45.7286,62.112200000000016
1972,57.6158,68.0666,47.422399999999996,62.5208
1972,57.5078,67.78399999999999,47.094800000000006,62.5604
1972,53.421800000000005,63.552200000000006,43.0988,61.286
1972,48.8228,59.1026,38.912,59.7884
1972,42.4346,52.1006,32.936,57.9542
1972,38.800399999999996,48.5276,29.3144,57.1118
1973,37.4684,47.2856,27.845599999999997,56.7932
1973,39.0164,49.0928,29.0228,57.452
1973,42.476,52.889,32.1962,58.3934
1973,48.08839999999999,58.117999999999995,37.592600000000004,59.9504
1973,53.1842,63.3506,42.6668,61.3184
1973,56.8832,67.0946,46.679,62.23100000000001
1973,57.983000000000004,68.2016,48.1802,62.6036
1973,56.964200000000005,67.4726,47.1686,62.4002
1973,53.825,64.06700000000001,43.7072,61.2806
1973,49.2962,59.327600000000004,39.0434,59.7542
1973,43.199600000000004,53.0006,33.4184,57.885799999999996
1973,38.8976,48.7256,29.2748,56.6798
1974,36.0698,45.435199999999995,26.7908,55.94
1974,36.6476,46.6124,26.7332,56.282
1974,41.342,51.7388,31.108999999999998,57.6806
1974,47.094800000000006,57.5222,36.662,59.327600000000004
1974,52.156400000000005,62.47760000000001,41.846000000000004,60.7226
1974,56.087599999999995,66.62299999999999,45.6638,61.9088
1974,57.7184,67.86500000000001,47.5772,62.3228
1974,57.22879999999999,67.37360000000001,47.1038,62.441599999999994
1974,53.1392,63.37400000000001,43.052,61.1546
1974,48.376400000000004,58.7912,38.1614,59.4932
1974,42.647,52.6262,32.7002,57.775999999999996
1974,38.39,47.730199999999996,29.2604,56.580799999999996
1975,37.5062,47.2712,27.9374,56.5178
1975,38.111,48.2468,28.2272,56.9426
1975,42.2708,52.491200000000006,31.73,58.168400000000005
1975,47.4512,57.9182,37.1876,59.5346
1975,53.135600000000004,63.4712,42.5156,61.044799999999995
1975,56.4026,66.695,46.0328,62.02760000000001
1975,57.8318,68.0918,47.5466,62.3786
1975,56.325199999999995,66.6464,46.2056,61.997
1975,53.873599999999996,64.0472,43.772,61.1888
1975,48.772400000000005,58.8344,38.6078,59.5256
1975,42.6074,52.6316,32.5976,57.4268
1975,38.6006,48.342200000000005,29.0552,56.4026
1976,37.1912,47.1164,27.5864,56.1956
1976,37.455799999999996,47.3162,27.6026,56.5142
1976,40.1306,50.549,29.8328,57.4232
1976,46.929199999999994,57.5186,36.480199999999996,59.242999999999995
1976,51.6956,62.1104,41.3168,60.400400000000005
1976,55.5548,66.1172,45.221000000000004,61.6064
1976,57.479,67.7336,47.0282,62.3552
1976,56.3198,66.49340000000001,45.7628,62.0078
1976,53.411,63.93200000000001,43.1546,61.132999999999996
1976,47.3198,57.2504,37.6034,59.3006
1976,42.188,52.080799999999996,32.5436,57.7382
1976,38.6258,48.3548,28.9256,56.913799999999995
1977,36.4856,45.9752,27.2336,56.5646
1977,38.2478,48.443,28.1264,57.2018
1977,42.263600000000004,52.8458,31.937,58.3502
1977,47.93,58.5518,37.504400000000004,59.846000000000004
1977,53.204,63.669200000000004,42.8162,61.3148
1977,56.9768,67.3304,46.504400000000004,62.3228
1977,58.3358,68.58860000000001,48.147800000000004,62.6846
1977,57.362,67.4114,47.2352,62.562200000000004
1977,53.3516,63.563,43.43,61.3616
1977,48.4808,58.775000000000006,38.4548,59.696600000000004
1977,43.7792,53.5316,34.2662,58.1792
1977,38.7482,48.2018,29.507,56.7338
1978,36.869,46.4108,27.464,56.4566
1978,38.2208,48.210800000000006,28.1318,57.02720000000001
1978,42.092600000000004,52.419200000000004,31.8668,58.199
1978,47.8238,58.3304,37.5512,59.6696
1978,52.5452,62.835800000000006,42.3014,60.9818
1978,55.79600000000001,66.0038,45.887,61.88180000000001
1978,57.8552,67.8398,48.0092,62.483
1978,55.9346,66.1532,45.8258,61.921400000000006
1978,53.653999999999996,63.752,43.5758,61.3058
1978,48.8102,58.9352,38.8454,59.6066
1978,43.43,53.033,33.944,58.1396
1978,38.732,48.551,29.0894,56.8274
1979,36.8222,46.5278,27.275,56.534000000000006
1979,37.1138,47.345,27.0338,56.7824
1979,41.8532,52.3958,31.7678,58.217
1979,47.219,57.6914,36.7214,59.7038
1979,52.15820000000001,62.850200000000015,42.281600000000005,60.936800000000005
1979,56.2766,66.8588,46.0724,62.189600000000006
1979,57.4052,67.90100000000001,47.2838,62.5856
1979,56.8994,67.32140000000001,46.8788,62.5604
1979,54.0446,64.5062,44.0852,61.61
1979,49.2548,59.6372,39.2972,60.0026
1979,43.314800000000005,53.2526,33.629,58.2962
1979,40.28,50.0,30.7958,57.5276
1980,37.3208,47.2424,27.577399999999997,56.861599999999996
1980,38.5736,48.668,28.6448,57.4016
1980,41.6606,52.232,31.3178,58.36280000000001
1980,48.083,58.677800000000005,37.5962,60.0404
1980,53.186,63.8834,43.0358,61.3652
1980,56.4476,66.875,46.2218,62.2508
1980,58.5356,68.8388,48.3836,62.907799999999995
1980,57.5402,67.6652,47.413399999999996,62.688199999999995
1980,54.177800000000005,64.61779999999999,43.955600000000004,61.5686
1980,49.19,59.306,39.2918,59.81
1980,44.0312,53.952799999999996,34.4012,58.361000000000004
1980,39.2288,48.9758,29.7014,57.0056
1981,38.813,48.6806,29.6636,57.133399999999995
1981,39.2378,49.440200000000004,29.462,57.3314
1981,43.230199999999996,53.69,32.9972,58.584199999999996
1981,48.1154,58.6706,37.6358,59.7776
1981,52.817,63.4478,42.62180000000001,61.156400000000005
1981,56.777,67.2998,46.516999999999996,62.47760000000001
1981,58.528400000000005,68.7164,48.5744,62.9906
1981,58.1036,68.5274,48.15859999999999,62.821400000000004
1981,54.0248,64.31,43.9628,61.638799999999996
1981,48.9092,58.962199999999996,38.777,59.8154
1981,43.291399999999996,53.0042,33.746,58.04600000000001
1981,40.1342,50.1224,30.4196,57.376400000000004
1982,36.6044,46.562,27.0014,56.4566
1982,37.9058,47.9174,28.265,56.9336
1982,40.7714,51.2006,30.7004,57.8066
1982,47.237,57.898399999999995,37.202,59.594
1982,52.4264,62.8682,42.3086,61.059200000000004
1982,55.840999999999994,66.3494,45.6008,61.925
1982,58.181,68.5598,48.2342,62.6
1982,56.8328,67.16120000000001,47.237,62.360600000000005
1982,53.6702,63.95,44.015,61.437200000000004
1982,48.617599999999996,58.721000000000004,39.0506,59.8874
1982,42.7298,52.3652,33.6362,58.0028
1982,39.7886,49.3466,30.731,57.3224
1983,38.201,47.7446,29.03,57.1622
1983,38.8652,48.968599999999995,29.1344,57.5042
1983,42.2582,52.7054,32.1746,58.4294
1983,47.6474,58.01,37.495400000000004,59.8424
1983,53.1122,63.458600000000004,43.059200000000004,61.412
1983,56.260400000000004,66.5906,46.0742,62.2148
1983,57.9344,68.2502,47.8922,62.72239999999999
1983,57.7436,68.189,47.712199999999996,62.861000000000004
1983,54.8564,65.14160000000001,44.744,61.8314
1983,49.0604,59.1746,39.2198,59.8964
1983,44.17700000000001,54.2012,34.5578,58.3664
1983,38.8922,48.650000000000006,29.6384,56.9948
1984,37.293800000000005,47.008399999999995,27.977,56.6618
1984,37.5674,47.8148,27.5864,56.9804
1984,42.2078,52.7738,31.8596,58.2944
1984,47.1776,57.803,36.6944,59.666
1984,53.5568,64.14800000000001,43.1798,61.330999999999996
1984,56.0966,66.28999999999999,45.7916,62.00240000000001
1984,57.9722,68.1962,48.1244,62.52980000000001
1984,57.1712,67.69399999999999,46.994,62.5496
1984,53.627,63.8924,43.7,61.493
1984,48.8804,58.803799999999995,39.227,59.662400000000005
1984,42.4598,52.2374,33.0836,57.775999999999996
1984,37.733000000000004,47.1398,28.616,56.4872
1985,37.418,47.093,28.003999999999998,56.620400000000004
1985,36.8672,46.979600000000005,26.8646,56.7158
1985,41.811800000000005,52.1492,31.7606,58.1468
1985,47.5394,57.9578,37.229,59.6408
1985,52.5668,62.96540000000002,42.3608,61.044799999999995
1985,56.4242,66.9128,46.234399999999994,62.0834
1985,57.1514,67.4798,47.0516,62.4308
1985,57.306200000000004,67.5626,47.327,62.6234
1985,53.564,63.741200000000006,43.6676,61.4426
1985,48.8084,58.654399999999995,39.2918,59.85680000000001
1985,42.7424,52.3958,33.2654,57.898399999999995
1985,38.813,48.2792,29.5376,56.8544
1986,37.967,47.8724,28.3802,56.7032
1986,39.1838,49.458200000000005,29.0534,57.3512
1986,42.359,52.932199999999995,32.027,58.2944
1986,47.9678,58.589600000000004,37.589,59.8136
1986,52.8458,63.3074,42.6002,61.0934
1986,56.190200000000004,66.5798,45.896,62.0528
1986,57.7274,67.97659999999999,47.730199999999996,62.5838
1986,57.1496,67.7732,47.1794,62.4884
1986,53.2706,63.8834,43.510999999999996,61.313
1986,48.7382,58.6454,38.9858,59.819
1986,42.6542,52.217600000000004,33.2636,57.9326
1986,38.7518,48.327799999999996,29.4818,56.849000000000004
1987,37.6502,47.6618,27.7808,56.764399999999995
1987,39.4412,49.6256,29.5412,57.4898
1987,41.441,52.1654,31.1594,58.168400000000005
1987,47.471,58.442,37.103,59.8046
1987,52.745000000000005,63.167,42.4364,61.2536
1987,57.0686,67.38980000000001,46.589,62.42
1987,58.80200000000001,69.20060000000001,48.7868,63.1328
1987,57.0128,67.33760000000001,46.976,62.7098
1987,54.4046,64.80680000000001,44.380399999999995,61.824200000000005
1987,49.262,59.2448,39.3692,60.1178
1987,42.900800000000004,52.7324,33.278,58.2098
1987,40.0802,49.742599999999996,30.7184,57.434
1988,38.2172,47.9552,28.7636,57.160399999999996
1988,38.1596,48.3692,28.3442,57.315200000000004
1988,42.6758,53.2706,32.6588,58.6004
1988,48.185599999999994,58.9604,37.9202,60.0674
1988,53.333600000000004,63.816800000000015,43.0574,61.4264
1988,57.3782,67.95320000000001,47.040800000000004,62.55680000000001
1988,58.6364,68.8388,48.534800000000004,62.922200000000004
1988,58.19540000000001,68.22319999999999,48.028999999999996,62.9114
1988,54.8258,65.1632,44.744,61.7954
1988,49.962199999999996,60.294200000000004,39.8534,60.1502
1988,43.331,53.3066,33.5138,58.037
1988,39.8534,49.4726,30.4664,57.0614
1989,36.878,46.571,27.3236,56.418800000000005
1989,38.5286,48.74,28.5368,57.1604
1989,42.4256,52.930400000000006,32.2358,58.2926
1989,47.6402,58.1738,36.9266,59.759600000000006
1989,52.304,62.789,41.8892,61.017799999999994
1989,56.2046,66.65,46.1678,62.105000000000004
1989,58.3016,68.6498,48.1802,62.870000000000005
1989,57.443,67.97659999999999,47.471,62.6918
1989,54.3254,64.7564,44.015,61.7
1989,49.568,59.8514,39.38,60.074600000000004
1989,43.1222,53.0924,33.3482,58.1432
1989,39.974,49.6436,30.5474,57.3044
1990,37.8374,47.4026,28.5098,57.0038
1990,38.5574,48.605000000000004,28.769,57.45740000000001
1990,44.114000000000004,54.7844,33.8648,59.009
1990,48.5042,59.1044,38.0714,60.2294
1990,53.2958,63.7556,42.9548,61.5146
1990,57.007400000000004,67.6148,46.7006,62.591
1990,58.6112,68.7218,48.4844,63.0428
1990,57.371,67.9208,47.325199999999995,62.798
1990,53.951,64.38740000000001,43.8746,61.637
1990,49.7876,60.29600000000001,39.713,60.3446
1990,44.456,54.6098,34.421,58.586
1990,39.965,49.883,30.3404,57.379999999999995
1991,37.751,47.3108,28.5674,56.946200000000005
1991,39.2792,49.593199999999996,29.3018,57.561800000000005
1991,42.0332,52.5398,31.7678,58.440200000000004
1991,48.60680000000001,59.2214,38.1452,60.288799999999995
1991,52.9088,63.39380000000001,42.8162,61.466
1991,57.6734,67.8254,47.3162,62.6936
1991,58.976600000000005,69.1574,48.6914,63.2264
1991,57.7742,68.0648,47.498,62.8934
1991,54.8186,65.37020000000001,44.6072,61.8296
1991,49.555400000000006,59.995400000000004,39.4196,60.114200000000004
1991,43.592,53.351600000000005,34.0178,58.2926
1991,39.306200000000004,48.711200000000005,30.0902,57.164
1992,38.4422,48.0452,29.021,57.1298
1992,39.0758,49.0838,29.128999999999998,57.525800000000004
1992,42.7136,53.0456,32.4554,58.5878
1992,47.4296,57.8588,37.013,59.918
1992,52.763,63.2228,42.4328,61.3742
1992,56.436800000000005,66.848,46.0724,62.39480000000001
1992,57.450199999999995,67.7354,47.1578,62.6018
1992,56.7788,66.983,46.635799999999996,62.42
1992,53.009600000000006,63.120200000000004,43.0376,61.237399999999994
1992,48.8354,59.2736,38.6168,59.7542
1992,42.6002,52.3454,32.8334,57.8174
1992,39.335,49.019000000000005,30.0866,57.0236
1993,37.9418,47.5988,28.5458,57.0128
1993,38.741,48.956,28.860799999999998,57.353
1993,42.6614,53.2238,32.2538,58.504999999999995
1993,47.641999999999996,58.253,37.0814,59.867599999999996
1993,52.655,63.120200000000004,42.2132,61.2158
1993,56.33240000000001,66.72560000000001,45.9806,62.3462
1993,58.271,68.41040000000001,48.104600000000005,62.879000000000005
1993,56.903000000000006,67.2512,46.8104,62.466800000000006
1993,53.474000000000004,63.750200000000014,43.3166,61.4858
1993,49.3052,59.5292,39.1766,59.9774
1993,42.3284,51.9638,32.6534,57.938
1993,39.263,48.8444,29.9498,57.02720000000001
1994,37.4432,47.0048,27.9068,56.7158
1994,37.058,47.4692,27.0176,56.791399999999996
1994,42.315799999999996,52.993399999999994,31.7642,58.4834
1994,48.2324,58.9298,37.6916,60.0512
1994,53.0312,63.6476,42.2276,61.4264
1994,57.459199999999996,67.8776,46.9184,62.6378
1994,58.3844,68.7578,48.104600000000005,62.9294
1994,57.1586,67.65440000000001,46.8932,62.6648
1994,54.5288,65.003,44.2778,61.696400000000004
1994,50.003600000000006,60.0908,40.1774,60.3374
1994,44.2184,53.96,34.3598,58.557199999999995
1994,39.403400000000005,48.763400000000004,30.0164,57.2648
1995,38.372,48.010999999999996,28.8158,57.101
1995,40.3808,50.462599999999995,30.4178,57.898399999999995
1995,42.7208,53.211200000000005,32.477,58.6094
1995,48.14960000000001,58.7102,37.6916,60.0566
1995,52.826,63.1418,42.3644,61.3022
1995,57.4952,68.207,46.8176,62.61440000000001
1995,59.2088,69.4454,48.7958,63.275000000000006
1995,58.3448,68.7362,47.8544,63.134600000000006
1995,54.617000000000004,65.08760000000001,44.4578,61.84400000000001
1995,50.190799999999996,60.348200000000006,40.082,60.3464
1995,44.1698,54.2966,34.2788,58.4834
1995,39.4214,48.912800000000004,29.9426,57.1118
1996,37.1516,47.0318,27.4784,56.6978
1996,39.2216,49.584199999999996,28.8284,57.5726
1996,41.943200000000004,52.5398,31.487,58.3844
1996,47.6222,58.047799999999995,36.8906,59.9738
1996,52.8584,63.3866,42.4256,61.28960000000001
1996,56.6258,66.929,46.1372,62.324600000000004
1996,58.6886,69.17,48.4214,62.995999999999995
1996,58.285399999999996,68.7488,48.0524,62.978
1996,54.1292,64.3532,44.0798,61.59920000000001
1996,49.144999999999996,59.3438,39.0722,59.928799999999995
1996,43.784600000000005,53.5136,34.120400000000004,58.2926
1996,39.785,49.676,30.0398,57.2954
1997,37.697,47.4584,28.1588,56.8724
1997,38.778800000000004,49.0208,28.607,57.5204
1997,42.821600000000004,53.254400000000004,32.342,58.7714
1997,48.0038,58.6706,37.3406,60.1412
1997,52.8674,63.2804,42.4436,61.4984
1997,57.4358,67.8434,47.0012,62.8844
1997,58.217,68.468,47.885,63.15260000000001
1997,57.660799999999995,68.23400000000001,47.4422,63.0788
1997,54.833,65.399,44.5514,62.1788
1997,50.196200000000005,60.2276,40.397,60.683
1997,44.3138,53.951,34.7054,58.9136
1997,39.9506,49.3412,30.6734,57.7238
1998,38.0336,47.399,28.8032,57.3134
1998,40.686800000000005,50.855000000000004,30.6176,58.299800000000005
1998,42.8414,53.398399999999995,32.5418,58.924400000000006
1998,48.8444,59.459,38.1902,60.5912
1998,54.1238,64.7276,43.4696,62.0078
1998,58.1378,68.72720000000001,47.800399999999996,63.120200000000004
1998,59.612,69.7496,49.487,63.696200000000005
1998,58.7732,68.90899999999999,48.819199999999995,63.4838
1998,54.8114,65.00479999999999,44.873599999999996,61.982600000000005
1998,49.8938,59.910799999999995,40.01,60.382400000000004
1998,43.5272,53.369600000000005,33.8702,58.4546
1998,40.4042,50.1494,30.8192,57.5852
1999,38.3792,47.97859999999999,28.8824,57.0794
1999,40.4492,50.72,30.2774,57.860600000000005
1999,41.954,52.519999999999996,31.5068,58.416799999999995
1999,47.9084,58.6526,37.275800000000004,60.0296
1999,53.0708,63.7034,42.483200000000004,61.3364
1999,57.2558,67.69579999999999,46.769,62.5226
1999,58.7354,69.0404,48.632000000000005,62.9924
1999,57.82640000000001,68.2844,47.6528,62.78
1999,54.9014,65.2496,44.7962,61.889
1999,49.994600000000005,60.049400000000006,40.083800000000004,60.215
1999,43.8656,53.817800000000005,33.9926,58.4114
1999,40.217,49.9154,30.7544,57.434
2000,37.31,47.0282,27.8204,56.791399999999996
2000,39.5312,49.7534,29.5322,57.678799999999995
2000,43.194199999999995,53.968999999999994,32.6768,58.72279999999999
2000,49.1936,59.961200000000005,38.624,60.3716
2000,53.3732,63.897800000000004,42.7946,61.510999999999996
2000,57.308,67.72460000000001,46.8374,62.6
2000,58.7264,69.197,48.376400000000004,63.0356
2000,58.1342,68.5544,47.8328,63.037400000000005
2000,54.5846,65.07140000000001,44.2796,61.903400000000005
2000,49.0748,59.1242,39.2,60.0584
2000,43.3616,53.006,33.7928,58.337599999999995
2000,38.9534,48.5276,29.6006,57.1424
2001,38.0048,47.8886,28.2596,57.0848
2001,38.696,49.0748,28.4054,57.5222
2001,43.1744,53.8358,32.7398,58.967600000000004
2001,48.641,59.313199999999995,37.8212,60.4544
2001,54.0878,64.733,43.43,61.824200000000005
2001,57.397999999999996,67.9316,46.7924,62.8718
2001,59.2898,69.6614,48.9704,63.41
2001,57.968599999999995,68.5976,47.5952,63.1292
2001,54.924800000000005,65.4458,44.726,62.1644
2001,49.883,60.0404,39.8354,60.4958
2001,45.1742,55.202,35.456,59.019800000000004
2001,40.1126,49.7138,30.767,57.6338
2002,39.2468,49.0262,29.6204,57.6644
2002,40.4672,50.783,30.293599999999998,58.109
2002,44.1896,54.995000000000005,33.6092,59.3564
2002,48.6122,59.2628,37.9544,60.4724
2002,54.0464,64.68260000000001,43.1582,61.889
2002,57.3512,67.8416,46.7312,62.798000000000016
2002,59.6372,70.1582,48.9362,63.476600000000005
2002,58.208,68.79920000000001,47.852599999999995,63.1904
2002,55.31,65.813,44.888,62.2382
2002,49.9784,60.0782,40.071200000000005,60.5462
2002,44.4056,54.464,34.5002,58.7408
2002,39.2684,48.842600000000004,29.8598,57.4286
2003,39.1658,49.2044,29.3342,57.5726
2003,39.353,49.5482,29.336,57.8462
2003,42.886399999999995,53.5496,32.387,58.95140000000001
2003,48.477199999999996,59.0594,37.7762,60.3932
2003,53.8754,64.61240000000001,43.1744,61.8206
2003,57.230599999999995,67.586,46.799600000000005,62.78720000000001
2003,58.9694,69.3626,48.6014,63.3614
2003,58.4438,68.864,48.1532,63.3236
2003,55.2398,65.6456,44.9978,62.31020000000001
2003,50.7632,61.007,40.532,60.7946
2003,44.1086,53.9654,34.4246,58.7084
2003,41.239399999999996,50.981,31.6778,57.9848
2004,38.345,48.0218,29.03,57.3746
2004,40.098200000000006,50.3078,29.8724,58.0784
2004,43.3778,54.095,32.6768,58.985600000000005
2004,48.6482,59.2376,37.913,60.4598
2004,52.827799999999996,63.13280000000002,42.272600000000004,61.4894
2004,57.0002,67.388,46.463,62.6108
2004,57.7616,68.1566,47.5232,63.0086
2004,57.5384,68.0198,47.0876,63.0788
2004,54.7556,65.21180000000001,44.4326,62.141000000000005
2004,50.2286,60.5174,40.1198,60.6002
2004,45.167,55.032799999999995,35.438,59.0396
2004,39.6626,49.2674,30.3224,57.4898
2005,38.8544,48.2468,29.5214,57.4862
2005,39.056,49.1144,29.238799999999998,57.7274
2005,43.7792,54.168800000000005,33.4634,59.190799999999996
2005,49.3124,59.9918,38.6546,60.760400000000004
2005,54.0068,64.391,43.5056,61.9322
2005,58.0568,68.18719999999999,47.9534,63.046400000000006
2005,59.342,69.584,49.2242,63.5054
2005,58.117999999999995,68.45,48.081199999999995,63.275000000000006
2005,55.7906,66.39800000000001,45.3416,62.425399999999996
2005,51.0818,61.223,41.0072,60.845000000000006
2005,45.361399999999996,55.2992,35.5784,59.009
2005,40.7804,50.5022,31.289,57.7886
2006,37.9148,47.5106,28.5044,57.182
2006,39.974,50.223200000000006,29.7878,57.983000000000004
2006,43.3922,54.0302,33.008,58.9388
2006,48.299,59.0072,37.5458,60.312200000000004
2006,53.2148,63.77000000000001,42.4238,61.6334
2006,57.9974,68.5706,47.354,62.9888
2006,59.0756,69.629,48.7184,63.354200000000006
2006,58.8434,69.422,48.4646,63.462199999999996
2006,55.175,65.8022,44.7458,62.2256
2006,50.5202,60.665000000000006,40.6328,60.683
2006,44.519,54.406400000000005,34.7324,58.8758
2006,40.976600000000005,50.6228,31.5626,57.9326
2007,40.242200000000004,50.1512,30.5276,57.9506
2007,39.5978,50.0702,29.2946,57.9344
2007,43.673,54.4694,32.9306,59.0306
2007,49.6814,60.452600000000004,38.984,60.674
2007,54.5324,65.111,43.8224,61.9322
2007,57.7562,68.4014,47.066,62.902400000000014
2007,59.414,69.9944,49.0676,63.473
2007,58.5536,69.15379999999999,48.2576,63.2102
2007,55.274,65.9084,44.924,62.1266
2007,50.5976,61.0412,40.2962,60.5606
2007,44.7512,54.989599999999996,34.6604,58.677800000000005
2007,40.1414,49.7714,30.7688,57.397999999999996
2008,37.1192,46.679,27.7106,56.694199999999995
2008,38.4368,48.8318,28.2092,57.309799999999996
2008,44.430800000000005,55.385600000000004,33.5822,59.1386
2008,48.731,59.756,37.715,60.323
2008,53.697199999999995,64.3802,42.8954,61.6946
2008,57.461,67.9514,46.8788,62.738600000000005
2008,59.313199999999995,69.8108,48.9326,63.40820000000001
2008,57.878600000000006,68.3168,47.4692,63.107600000000005
2008,55.0436,65.5322,44.808800000000005,62.162600000000005
2008,50.718199999999996,60.8684,40.7246,60.675799999999995
2008,45.0032,54.928399999999996,35.2328,58.854200000000006
2008,39.893,49.7012,30.2972,57.4718
2009,38.6366,48.516799999999996,28.839199999999998,57.3638
2009,39.3692,49.6796,29.219,57.6806
2009,42.9548,53.717,32.2376,58.7714
2009,48.860600000000005,59.6786,37.976,60.4742
2009,53.80159999999999,64.418,43.0538,61.827799999999996
2009,57.561800000000005,68.10079999999999,46.94,63.068000000000005
2009,59.415800000000004,69.953,49.0208,63.6404
2009,58.379,69.0386,47.93899999999999,63.3686
2009,55.675399999999996,66.2108,45.3146,62.3552
2009,50.2448,60.422,40.2134,60.638000000000005
2009,44.6558,54.6332,34.952,58.9424
2009,39.757999999999996,49.3898,30.308,57.7364
2010,38.7266,48.641,28.9814,57.5744
2010,39.9182,50.0612,30.0074,58.1306
2010,44.1284,54.8042,33.4328,59.4014
2010,49.407799999999995,60.1088,38.7662,60.8702
2010,54.330799999999996,64.7114,43.7432,62.117599999999996
2010,57.9578,68.4536,47.2802,63.0878
2010,59.383399999999995,69.74600000000001,49.1918,63.5576
2010,58.58240000000001,69.1808,48.1712,63.3416
2010,55.153400000000005,65.4854,45.0536,62.169799999999995
2010,50.7956,61.007,40.829,60.690200000000004
2010,45.476600000000005,55.7024,35.51,58.991
2010,39.7256,49.7966,29.9498,57.4106
2011,37.9076,47.699600000000004,28.3388,57.07040000000001
2011,38.7374,48.983000000000004,28.5692,57.547399999999996
2011,42.9818,53.5334,32.5652,58.784000000000006
2011,49.0694,59.81,38.3432,60.497600000000006
2011,53.5748,64.2506,42.84140000000001,61.7414
2011,57.866,68.4158,47.264,62.96540000000002
2011,59.867599999999996,70.376,49.431200000000004,63.6224
2011,59.02160000000001,69.65960000000001,48.5744,63.455
2011,55.241600000000005,66.00200000000001,44.5964,62.1716
2011,50.6336,60.935,40.730000000000004,60.5714
2011,44.2652,54.311,34.5776,58.6382
2011,40.379,50.1764,30.8462,57.5564
2012,37.6826,47.6438,27.9806,56.946200000000005
2012,38.5304,48.8822,28.2794,57.4952
2012,42.8414,53.644999999999996,32.135,58.7534
2012,49.416799999999995,60.2222,38.6402,60.5858
2012,54.662,65.4998,43.6298,62.0582
2012,58.0856,68.774,47.309,63.0536
2012,59.1368,69.8108,48.6122,63.41
2012,58.496,69.2762,47.912,63.35600000000001
2012,55.471999999999994,66.3332,44.9168,62.387600000000006
2012,50.7704,61.1654,40.577,60.8342
2012,44.8808,54.840199999999996,35.2328,59.0018
2012,39.3836,49.0964,29.9084,57.4484
2013,38.633,48.659000000000006,28.8932,57.4106
2013,39.5996,49.91,29.3504,57.8462
2013,43.269800000000004,54.1904,32.3132,58.9136
2013,48.2792,59.1512,37.499,60.348200000000006
2013,53.951,64.5926,43.2734,61.89619999999999
2013,58.2224,68.792,47.633,63.0626
2013,59.0054,69.3266,48.794,63.5054
2013,58.5356,69.0728,48.2252,63.4316
2013,55.6772,66.1046,45.467600000000004,62.409200000000006
2013,50.4608,60.78920000000001,40.3934,60.629
2013,45.3632,55.337,35.6288,59.1926
2013,40.5032,50.1494,31.0136,57.8102
2014,38.717600000000004,48.7886,28.841,57.4448
2014,38.3,48.4628,28.256,57.482600000000005
2014,43.4804,54.260600000000004,32.7848,59.162
2014,49.2602,59.952200000000005,38.5106,60.8684
2014,54.6476,65.05160000000001,43.903400000000005,62.24720000000001
2014,57.803,68.2268,47.2514,63.1454
2014,58.7714,69.2798,48.4016,63.514399999999995
2014,58.775000000000006,69.422,48.2846,63.6926
2014,55.5638,65.957,45.318200000000004,62.55500000000001
2014,50.594,60.9188,40.440200000000004,60.852199999999996
2014,44.0834,54.1112,34.3634,58.8182
2014,40.730000000000004,50.342,31.4042,57.938
2015,38.9858,48.9776,29.267599999999998,57.659000000000006
2015,40.3952,50.8946,29.9516,58.215199999999996
2015,44.132000000000005,54.7862,33.6092,59.3474
2015,48.763400000000004,59.4032,38.1236,60.7316
2015,54.1616,64.72579999999999,43.3634,62.193200000000004
2015,58.109,68.65520000000001,47.5286,63.30200000000001
2015,59.0918,69.6272,48.7868,63.6998
2015,58.559,69.2582,48.208999999999996,63.6602
2015,55.3982,65.92099999999999,44.9582,62.688199999999995
2015,51.4418,61.61,41.41759999999999,61.322
2015,45.379400000000004,55.205600000000004,35.8826,59.4536
2015,41.9324,51.305,32.5166,58.593199999999996
